StartDate,ResponseId,Location_Summary,Attrib_Unique,Attrib_Otter,Attrib_Birds,Attrib_Fish,Attrib_Wildlife,Attrib_Convenience,OtterYN,OtterNum
5/8/2019 22:45,R_1LhrZ94WcV9P3Ca, ,0,0,0,0,0,0,1,3
6/19/2019 15:23,R_2RCEPWsKxGOEa9c, ,0,0,0,0,0,0, , 
5/5/2019 14:31,R_2S6IsUjqcp37p5Q,1,0,0,0,0,0,0,1,2
4/28/2019 10:57,R_2TN76xaMWYl8kT5, ,0,0,0,0,0,0, , 
5/6/2019 14:10,R_2YPaAuNiTmYBvo4, ,0,0,0,0,0,0, , 
5/9/2019 9:03,R_30nJRbQxdqYpf37, ,0,0,0,0,0,0, , 
4/28/2019 10:56,R_3iX5JdZvQWxtyjA, ,0,0,0,0,0,0, , 
5/8/2019 23:05,R_3JyjiOHnrqRJNeP, ,0,0,0,0,0,0, , 
4/28/2019 10:46,R_3qF4dJVi59Jn7w6, ,0,0,0,0,0,0, , 
7/21/2019 13:03,R_5DfAil9U8qsJv4w,3,10,5,6,5,10,10,2, 
8/11/2019 15:32,R_cwQyOGL0Y4hkNC9,3,10,10,10,10,10,10,2, 
6/23/2019 13:55,R_gdXUCeC911tgS7M,1,0,0,0,0,0,0,1,3
9/8/2019 12:38,R_jx3Wup0aQlhlB4A,1,10,10,10,5,5,10,1,3
9/7/2019 11:50,R_kGao4D1fWn4NnvZ,3,9,10,10,10,9,10,1,3
5/7/2019 14:04,R_mjQL4u1I8K9Dbns,1,0,0,0,0,0,0,1,2
6/26/2019 14:29,R_ol2Yky2mnY1vSXk,3,0,0,0,0,0,0, , 
5/5/2019 14:31,R_UceF4CuXFduQMhz,2,0,0,0,0,0,0, , 
6/26/2019 11:25,R_06oajfl5Srd8kay,3,9,9,10,5,10,8,1,2
5/14/2019 13:39,R_0Jpgv3iD1h0GWak,1,10,9,10,9,10,9,1,3
6/11/2019 11:04,R_0lC5G2v8xzfPCNG,1,10,10,10,2,10,10,1,3
6/5/2019 11:05,R_0pvfHNOTZWZJWzt,1,10,8,8,10,8,10,1,3
9/14/2019 14:07,R_0QR9AdSUCsDI3Mx,2,10,10,8,5,0,10,1,3
7/26/2019 11:04,R_0st88mzaSZGsODm,2,3,1,1,1,10,3,1,2
6/15/2019 12:38,R_0uO8gn3MljbTTBa,3,8,7,7,5,9,8,2, 
7/21/2019 14:33,R_0UVnzSqz8Z8stdp,2,10,10,10,10,10,10,1,3
9/29/2019 11:18,R_0xJO5ztzHlqtLAr,1,10,10,10,1,10,10,1,3
10/5/2019 12:02,R_0ytc8155dihO7KG,1,10,10,10,7,10,10,1,3
9/7/2019 11:46,R_118XQjFOMabxN6E,3,8,1,10,10,8,10,2, 
8/11/2019 15:27,R_190p1LNXXganLv7,3,10,5,9,9,9,10,2, 
9/4/2019 20:15,R_1A0lRJlbpQimNkM,3,8,4,8,0,5,9,2, 
8/1/2019 12:31,R_1CasAf0GyRjPWVY,1,0,0,0,0,0,0,1,3
6/28/2019 15:08,R_1dmgNJqxUP2VmsI,2,9,10,10,5,9,10,1,3
7/31/2019 14:15,R_1DVf6ryvDiTCNct,1,0,0,0,0,0,0,1,2
7/19/2019 10:24,R_1EzdmzsttMBmjba,3,8,10,9,9,10,10,2, 
7/28/2019 14:20,R_1hayZSSg8NyQSS0,3,8,5,8,5,8,8,2, 
5/16/2019 14:42,R_1I5iEK8qrlZQJss,3,8,8,8,8,8,8,1,2
5/16/2019 14:23,R_1N4V6tACHW98DJi,1,9,9,9,9,9,9,1,2
6/8/2019 10:49,R_1nYiblT0l8XWTi9,3,10,10,10,8,9,10,1,1
6/9/2019 10:29,R_1pr90FfFlUT4gYV,1,9,10,8,2,10,7,1,3
5/31/2019 16:08,R_1qZ6vzbmHUg8ZiO,3,0,5,0,0,0,0,1,1
6/11/2019 12:17,R_1VooyPZUeaiVb0F,2,8,9,7,2,9,9,1,3
7/21/2019 12:02,R_1WGHyB9Rg7AuV7J,3,10,5,5,5,10,10,2, 
8/11/2019 15:05,R_1XIzrmrwcoyOLUZ,3,10,3,8,6,10,9,2, 
7/21/2019 14:20,R_1Yy4fEuQWtHpmrL,2,10,10,9,5,5,10,1,3
7/5/2019 12:44,R_257mlxn9aXbDksI,3,7,9,8,7,8,3,1,2
6/15/2019 13:09,R_2pbY2gNKV7yC0A0,3,10,8,9,8,10,10,2, 
8/6/2019 11:06,R_2QQZGSdDLbG7EOR,1,10,10,6,9,10,10,1,3
6/18/2019 12:50,R_2tw7tr3fQ0mN1XM,1,10,10,9,9,10,2,1,3
7/31/2019 10:57,R_2txiRnw8P7Mjf8t,1,0,0,0,0,0,0,1,3
8/3/2019 11:09,R_2TYokDjV8Kc6zMn,1,0,0,0,0,0,0,1,3
7/12/2019 11:27,R_2UoEG1WEpicgHj3,1,10,10,8,3,10,10,1,3
7/19/2019 9:49,R_2uz8TUfXRf7nk5G,3,10,10,9,9,10,10,1,3
8/7/2019 11:59,R_2VGSFryWCZbczgM,1,0,0,0,0,0,0,1,3
6/12/2019 9:54,R_30ZuKj1FZ31yosa,3,8,8,5,6,10,10,2, 
6/6/2019 12:39,R_31hk5tjePBdHrmN,2,8,8,10,7,8,10,1,2
7/15/2019 16:46,R_3MC6m9OGUrEQwXK,2,7,6,8,6,9,8,1,2
6/15/2019 13:56,R_3n7K0epQqBt5Yfw,1,8,10,7,5,0,8,1,2
6/4/2019 11:39,R_3NTv9yjoYWu9yk0,2,10,10,10,6,10,10,2, 
8/4/2019 14:07,R_3ohIBlNOebU7vtu,3,10,6,7,8,10,10,1,2
9/14/2019 13:49,R_3tMjZqg5pC0pmKg,1,8,10,8,1,9,10,1,3
7/21/2019 13:59,R_4aDloiwJM9tXZUF,2,9,10,7,2,9,10,1,3
8/11/2019 14:36,R_4EIiMwJp8XIEmFA,3,10,8,10,10,10,10,2, 
7/28/2019 12:49,R_4IJqASCNZDn6PEI,2,8,9,9,8,6,8,1,3
9/2/2019 10:55,R_4JDeqvdJlI3Fwd2,3,10,10,7,9,9,9,2, 
8/3/2019 11:05,R_4lk2nHANE7vkeJV,1,0,0,0,0,0,0,1,3
9/4/2019 18:24,R_4o1micvZZYOFvyE,2,10,10,10,10,10,10,1,3
8/25/2019 11:34,R_4RgOSCDtMVTaAn3,3,8,5,8,9,10,10,2, 
6/15/2019 12:48,R_4sjeaeTQP8BCtlf,3,9,1,7,9,6,10,2, 
6/20/2019 11:45,R_4UxPGlgyBoqMLiT,1,0,0,0,0,0,0,1,3
8/4/2019 13:05,R_4wXi698nKlHPtyi,3,10,1,4,7,7,9,2, 
9/29/2019 12:09,R_4xOD2EdJfTImvh9,2,9,10,8,1,9,10,1,3
8/5/2019 12:51,R_54ls1yttjnqIqwn,2,8,8,8,4,6,7,1,2
9/8/2019 14:52,R_58UHhVPP74aBLkw,3,10,1,9,9,9,10,2, 
6/7/2019 11:49,R_5biTBaL3mD33zfi,3,10,1,10,10,10,10,2, 
10/12/2019 11:34,R_5GtteE2jf1muIzH,1,10,10,10,10,10,10,1,3
8/3/2019 10:18,R_5hfcUoSgpyvRR4V,1,0,0,0,0,0,0,1,3
7/3/2019 11:57,R_5HJ2yUbt6eavDqC,1,10,10,10,8,10,10,1,3
8/12/2019 10:23,R_5hPZagLe4BpPZyE,1,10,10,7,1,10,10,1,3
9/7/2019 13:44,R_5vEar7KjxpzYvZO,2,9,10,9,4,8,9,1,3
9/7/2019 12:30,R_5Xdw0h9LJy6jHNm,2,10,10,10,10,10,10,1,3
8/8/2019 14:34,R_5ymjCCbeg3r3g4V,3,4,7,8,9,7,10,2, 
9/13/2019 14:28,R_65meOMHsyWF4b4A,2,10,10,7,7,8,8,1,3
6/19/2019 15:10,R_69dy49a0btMw9en,2,4,10,10,10,10,10,1,3
7/27/2019 12:34,R_6bLDBjkQbkizCbm,3,8,9,9,8,9,7,2, 
9/14/2019 12:46,R_6bOyMURAlAqAmAX,2,10,10,10,9,10,10,1,3
6/15/2019 15:00,R_6FmeclDieJLAWRQ,1,7,8,4,2,4,4,1,3
7/12/2019 11:40,R_6IoAI4Sk4sqxtUX,3,8,10,10,10,7,10,1,2
7/21/2019 12:32,R_6lDKNTTg1elWJEQ,3,8,3,8,8,9,9,2, 
7/28/2019 13:18,R_6LqASqdIYVRFiAt,2,9,5,3,10,4,5,1,2
6/15/2019 13:03,R_6Mrgd36g8gloS59,3,10,10,10,10,10,10,2, 
10/5/2019 12:56,R_6oiY3Nk8IR86GCU,1,10,10,10,10,10,10,1,3
7/27/2019 14:14,R_6puAYqP6AT2iQae,3,10,1,10,10,10,10,2, 
9/19/2019 14:01,R_6SO09bCTnOiSUXk,2,10,10,9,8,9,8,1,3
9/15/2019 12:02,R_6vBNl4KoU05GB9N,2,10,10,5,4,8,7,1,3
6/19/2019 15:00,R_7425wQRA5DdUAVE,2,10,10,9,1,9,10,1,3
7/28/2019 14:07,R_7cmfBf5IJ8VQPmm,3,9,2,8,5,9,5,2, 
7/14/2019 16:02,R_7CXdizVga4oiREg,3,8,0,5,5,6,7,2, 
9/8/2019 14:43,R_7FLGrHNl5FmcmGl,3,10,9,9,9,10,10,2, 
6/1/2019 12:59,R_7G0AC9M5OyWVX05,2,10,10,10,10,10,10,2, 
7/21/2019 13:08,R_7K24tY2m38XrfKs,3,9,4,9,6,10,5,2, 
6/15/2019 12:11,R_7Lh0BM3tWaAl0HT,3,10,1,2,3,10,10,2, 
7/8/2019 11:39,R_7NkBXEyJ7aluRRj,1,7,3,2,2,8,8,1,3
6/15/2019 12:02,R_7qcggeGl0BzMcO9,3,9,9,9,9,9,9,2, 
7/27/2019 12:10,R_7ucbqEwhU6MS5vO,3,8,1,8,8,10,8,2, 
6/7/2019 11:05,R_7Yfjga4yqKnGDd6,3,10,10,10,10,10,10,2, 
9/14/2019 11:51,R_7ZOt3xj5GbBNVUO,1,10,10,10,1,5,10,1,3
6/6/2019 13:07,R_8KmQhHumrjBJRoW,2,10,8,5,0,8,10,1,3
8/21/2019 11:40,R_8mjv1NpaqO5xsgh,2,7,10,10,5,7,7,1,3
10/5/2019 10:56,R_8pNAlaqjU06PICx,1,7,8,6,5,6,9,1,3
6/15/2019 11:05,R_8r0SocdBH8Vg7ON,3,8,8,8,9,9,8,1,2
9/7/2019 11:42,R_8ztqgtoijcAzRFJ,3,6,7,7,7,7,10,2, 
6/29/2019 11:34,R_96UwCxXzfaa50Qe,3,9,7,7,7,7,7,1,1
8/11/2019 13:44,R_9LomnBfPtDRXAis,3,10,1,10,10,10,10,2, 
6/15/2019 11:49,R_9MATLynVdVaiGKg,3,10,10,10,10,8,10,2, 
6/7/2019 12:04,R_9muW91DEiLrsHfD,3,10,8,10,6,10,10,1,3
5/16/2019 14:38,R_9ucUhFn7KtG8GwV,3,8,8,8,8,8,8,1,2
7/26/2019 11:34,R_9XHvFKHpC47fc5e,3,10,7,8,5,10,10,1,3
8/25/2019 13:02,R_9ZiQMAekLx99Hj1,2,8,9,9,6,9,9,1,3
6/11/2019 10:36,R_a84gI1I7NQHON2d,2,10,10,10,3,10,10,1,3
7/29/2019 11:14,R_aBCi7bjyZjnNOsT,1,0,0,0,0,0,0,1,3
7/31/2019 11:07,R_aCpkpdoXJi1trX7,1,0,0,0,0,0,0,1,3
6/18/2019 10:44,R_aESnPHdbF245aqK,1,10,10,7,4,9,10,1,3
7/7/2019 12:35,R_aOUORe5BnsMU9xE,3,10,5,6,7,8,9,2, 
9/8/2019 14:13,R_aPmrXZqumRMySCh,3,7,6,7,6,8,8,2, 
6/25/2019 13:45,R_aPzJ90oirS7nexl,1,9,10,9,8,8,10,2, 
7/7/2019 13:42,R_aqEutn1X1mf6fwZ,3,10,1,4,8,10,10,2, 
9/8/2019 12:47,R_b0fXX3AyEJ1lIM3,1,7,10,10,1,10,10,1,3
6/15/2019 11:39,R_b3COpUBtCMooxmz,3,10,10,10,10,10,10,2, 
6/15/2019 14:15,R_b3ipyvpz9mBNWxP,1,10,10,9,5,8,9,1,3
7/14/2019 15:45,R_b5XE7RHj4LWqALO,3,10,4,8,9,10,10,2, 
6/28/2019 14:34,R_bCAjBo7H2QXwsRP,3,10,5,10,7,9,8,2, 
7/7/2019 12:44,R_beNqjHtKjrX7ate,3,10,6,10,6,10,10,1,3
6/25/2019 15:52,R_bFqlps2q5LDMDo1,2,10,9,10,8,8,10,1,3
7/1/2019 10:26,R_bL54YmALW4DBJZh,1,9,10,8,8,10,10,1,3
7/7/2019 12:50,R_bUKnKsuEhxCP7Rg,3,8,5,10,8,8,7,2, 
7/21/2019 12:15,R_bunM9BnUa9rujZX,3,10,8,10,10,4,10,2, 
6/30/2019 15:26,R_bvdywHKhfWCN2Um,3,10,1,5,2,10,10,2, 
7/31/2019 9:54,R_bWo1DyuQfFGHio5,1,0,0,0,0,0,0,1,3
9/6/2019 14:26,R_c5oT1RyZdqXvW2L,2,10,10,7,7,10,7,1,3
6/23/2019 14:04,R_c7OgLFis89fI50b,1,10,10,10,7,10,10,2, 
6/14/2019 13:18,R_cc7LGsXd4VjyMV1,2,10,10,4,8,9,10,1,3
10/5/2019 11:24,R_cIdTnFJ9ZxvxH9u,1,10,10,10,5,10,0,1,3
7/18/2019 14:42,R_cpfqta2YeDSSiSQ,3,10,10,10,10,6,10,2, 
9/4/2019 19:53,R_cQJ6wJNOMagIieF,2,9,10,9,9,8,10,1,3
8/4/2019 13:51,R_crMvrx7T9ojf6z2,3,7,8,10,10,10,10,2, 
8/24/2019 12:36,R_cRSVaCjElNfZ6yL,3,7,10,7,9,8,7,2, 
7/28/2019 14:16,R_cWb2mGLqmGvUk9E,3,10,8,7,9,9,10,2, 
7/14/2019 15:33,R_cxLmZgsr6MKY8hW,3,10,1,10,4,10,10,2, 
6/29/2019 11:38,R_cy4iu9DHcrEi9sL,3,9,9,9,5,10,10,1,1
6/6/2019 13:14,R_cywdsoIICvF99tM,9,0,0,0,0,0,0,1,1
6/12/2019 11:32,R_d4sNGgyMkWtXFpY,2,10,0,10,0,10,10,1,3
7/27/2019 10:34,R_d5eyyuD5qp4pIxG,3,10,10,10,10,10,10,1,2
6/24/2019 11:28,R_dBqTInrPmMPQRC7,1,10,10,10,2,7,10,1,3
7/26/2019 10:59,R_dbzWg0P8ioIK46b,3,6,1,10,1,8,8,2, 
8/20/2019 11:36,R_dd0uA8lbxrb2msP,2,9,7,7,7,7,7,1,2
8/11/2019 13:39,R_dIxWwCbM0IwHMrY,3,10,1,4,6,10,8,2, 
7/15/2019 12:38,R_dNnxQKxUp27l5aX,1,0,0,0,0,0,0,1,3
6/25/2019 13:27,R_dnx8Juq2Chydzp1,1,0,0,0,0,0,0,1,3
7/14/2019 15:54,R_doIXHCoXlMyfwZS,3,7,6,6,6,10,10,2, 
8/5/2019 12:45,R_drJLxG04cxkWtjo,1,10,10,10,4,10,10,1,3
9/7/2019 12:27,R_dw6EaVud25VNrPP,3,9,10,10,10,9,10,1,3
6/4/2019 12:41,R_dZswvjuhvZ6nubQ,2,10,9,9,9,10,10,1,3
10/5/2019 12:06,R_e1rtdZ4Vr0Zcdza,1,10,10,10,10,10,10,1,3
9/8/2019 13:51,R_eAdaRGW2nNBo14s,3,9,5,8,9,9,10,2, 
7/17/2019 9:59,R_eB7gef5sxDKvn2p,3,10,6,8,8,10,10,2, 
7/21/2019 11:37,R_em9NXEVBjVynhi9,3,10,10,10,10,10,10,2, 
7/17/2019 11:26,R_eP2cdn6XgoKJDaK,1,0,0,0,0,0,0,1,3
6/15/2019 14:00,R_epaXNRXtKlA6jM7,1,8,10,10,9,10,10,1,3
7/26/2019 11:28,R_eTbUeEQLB5ZMrF3,3,10,6,8,8,10,10,1,3
6/19/2019 12:59,R_eW4zFaHDGtM3TgY,2,10,10,10,0,7,10,1,3
7/21/2019 14:06,R_ewhmPCzqSk3mZoY,2,10,10,6,6,7,10,1,3
6/1/2019 11:19,R_eYYwn6gthpGoUup,2,10,10,10,2,5,10,1,3
7/7/2019 12:59,R_eZi5Y0ymjcVDVaP,3,7,8,10,9,9,5,1,2
8/11/2019 15:39,R_f53NN5PfJOY2cGD,3,10,1,5,1,10,10,2, 
9/14/2019 11:25,R_f5fqJrqxYZTXLfH,9,0,0,0,0,0,0,1,3
8/5/2019 13:40,R_f6lX6cMq3u8wIyJ,2,10,10,7,1,4,6,2, 
7/22/2019 10:42,R_f6tU2yjGj6RBfRF,1,9,10,6,6,10,10,1,3
10/6/2019 11:59,R_feGm6wXydBYUf9r,1,8,10,4,3,7,10,1,3
5/28/2019 11:14,R_fFzsnjf5FaXoE9i,2,10,10,9,5,10,10,1,3
8/8/2019 13:49,R_fhJ5QkOzXm2JIQT,3,8,8,8,8,8,10,1,2
6/15/2019 13:46,R_fkWNBLX1NMVZGmz,1,10,10,10,10,10,10,1,3
7/3/2019 12:08,R_fSbUqxU0Y4uTX4e,1,10,10,8,2,8,10,1,3
9/29/2019 13:31,R_fUV3YqAhUvKjIGV,1,10,10,10,1,10,10,1,3
8/11/2019 13:00,R_fyYfPPeCndpq15i,3,10,1,10,2,10,10,2, 
6/19/2019 12:20,R_g1WY1GHF2KZgFtO,1,8,10,7,6,7,8,1,3
6/19/2019 12:53,R_g5f9V00YDjJDioL,2,10,10,5,5,8,7,1,3
8/4/2019 15:02,R_gbeWPxXfYFTElaE,3,6,3,7,7,9,7,2, 
6/24/2019 16:41,R_gE2SPIgiqOzvSUn,1,9,10,8,6,7,9,1,3
7/3/2019 11:47,R_gfb7maM47HCXPju,1,8,10,10,1,10,10,1,3
6/24/2019 11:42,R_ggNVGV1rSzUYtty,1,5,10,8,5,6,9,1,3
6/13/2019 14:42,R_gh7kNEpmQimfjsN,1,7,10,5,2,9,9,1,3
6/20/2019 11:51,R_gJ2UlploGkyGOPx,2,8,10,2,1,10,5,1,3
8/22/2019 13:02,R_gkYE2EzZjrdJ1Wc,2,8,10,10,10,10,10,1,3
7/21/2019 12:29,R_gMk5PEIXzaorBba,3,10,5,10,8,0,10,2, 
6/7/2019 11:21,R_gsXPObGhy4FfcBB,3,10,6,10,8,8,7,2, 
6/19/2019 12:20,R_h2Gxn8V3EB86cvj,2,10,10,10,9,9,10,1,3
6/10/2019 13:57,R_h6rcfZxpX0jnPBl,2,10,10,10,8,10,10,1,3
7/28/2019 12:56,R_hBqSPwpDkufoq5r,2,10,8,8,5,8,9,1,3
6/12/2019 10:54,R_hk1zlnL4Px9ww6h,2,10,10,8,5,8,10,1,3
5/28/2019 12:02,R_hrWsXktik65i8bG,2,7,8,10,5,5,7,1,3
7/23/2019 10:52,R_hS2qPKXWMREREDu,1,0,0,0,0,0,0,1,3
6/1/2019 11:19,R_hsQDyttkEyk5qb8,1,10,10,10,10,10,10,1,3
7/28/2019 13:02,R_hTdMKFeBQF6RrjO,2,6,5,8,0,6,8,1,3
6/7/2019 10:48,R_hYcrZCfvFMrgQrs,3,10,5,10,10,10,10,2, 
6/15/2019 14:21,R_hZVWQ4XPINQc1Er,1,5,7,4,6,6,6,1,3
6/14/2019 11:58,R_i0pM0umBcP9zmi5,2,10,10,5,5,6,9,1,3
6/30/2019 15:12,R_i5Er9CIjOpr0Cwb,3,7,10,10,10,10,10,2, 
9/29/2019 12:20,R_iaNCYNVUxT99Unl,1,10,10,10,10,10,10,1,3
10/6/2019 13:58,R_iEnXsPJNnm12kgI,2,10,10,10,1,10,10,1,3
7/19/2019 10:52,R_isfpbko6rFU0Xko,3,10,10,10,10,10,10,2, 
10/6/2019 12:58,R_iWoLcKcvPiTnaSm,1,10,10,10,5,10,10,1,3
9/6/2019 14:34,R_iXBHHdyD8mHpGWv,2,10,9,6,6,8,8,1,3
9/2/2019 11:14,R_j8Pqcjg0Da6rXxH,3,10,10,8,8,9,10,1,1
6/15/2019 14:06,R_jayZPwPAjtNS7fY,1,9,10,7,7,8,9,2, 
7/31/2019 10:18,R_jCX8QIzEdEEDILt,1,0,0,0,0,0,0,1,3
7/21/2019 14:54,R_jdjlZu8wh42ceow,2,10,10,8,5,7,10,1,3
6/26/2019 11:32,R_jGVdHnLjrXZlTbh,3,10,7,5,10,10,5,1,1
8/20/2019 11:39,R_jhJfHHpwpu9kE92,2,7,9,4,2,5,7,1,2
7/27/2019 10:34,R_jpjVStPaghqJWJs,3,10,10,10,10,10,10,1,2
7/21/2019 12:42,R_juNeVvPdSbP3rQr,3,5,7,7,7,10,10,1,3
7/17/2019 10:26,R_jUOIb4Sczn7SsRH,3,10,10,10,10,10,10,2, 
9/21/2019 11:00,R_jVLxwDlJiJ2rEy0,1,10,10,8,1,10,10,1,3
6/10/2019 13:43,R_jwSprNW4V1i0Hvl,1,9,9,9,0,9,9,1,3
9/4/2019 19:06,R_k1xBBOsMw4cPAHY,2,10,10,9,9,8,9,1,3
6/19/2019 15:29,R_k6Kxbv24c2GzQGW,2,10,9,9,8,10,10,1,3
9/14/2019 11:30,R_kdHBrf4KE1SYwzZ,1,10,10,7,5,9,10,1,3
8/31/2019 12:26,R_kEbCpV1fw03z6vT,1,10,10,7,10,10,10,1,3
6/15/2019 11:17,R_kJyrSeUEn1J56ds,3,5,1,9,10,10,10,2, 
7/7/2019 12:54,R_kOp8US8tP2w4cos,3,7,7,5,6,8,8,1,1
8/11/2019 13:18,R_kSmBkgODMJnfVqz,3,10,1,10,2,10,10,2, 
6/21/2019 14:14,R_kVlhZHstjhd1MYa, ,0,0,0,0,0,0,2, 
6/7/2019 11:36,R_l2D3bZs32J6TaFK,3,10,10,10,7,8,7,2, 
7/22/2019 11:27,R_l6gUZpM33BYZly1,1,7,10,7,5,10,10,1,3
9/14/2019 14:17,R_l7MRkYK385hd4Gv,1,10,10,10,10,10,10,1,3
6/15/2019 11:46,R_l8hBlqlByj1m7cg,3,10,10,10,10,10,10,1,2
9/22/2019 10:56,R_lJ0aciKyVB5vAT7,1,10,10,10,10,10,10,1,2
9/22/2019 12:21,R_ljMZr8Av5DeeOo1,2,9,9,9,7,7,9,1,3
6/19/2019 12:36,R_lLkems6nu6477v7,2,8,5,3,3,8,8,1,3
7/28/2019 14:24,R_m0Y8zsOn6o7ftah,3,7,2,6,5,6,7,2, 
8/8/2019 14:53,R_m24i3g01H004nog,3,5,5,5,5,5,5,2, 
6/5/2019 10:28,R_m9cBsExsfPfkA3x,1,10,10,10,10,10,10,1,2
6/8/2019 13:02,R_maiLZHQjU61jggw,2,8,9,5,3,7,8,1,3
6/19/2019 11:40,R_mGBBhLI2PdS36ae,1,10,7,7,5,9,7,1,3
7/7/2019 12:39,R_mlhAkHwQoUr3x7p,2,10,8,8,9,0,10,1,3
10/6/2019 12:49,R_mnnWuTQuGbjwdn4,1,10,10,9,1,10,10,1,3
7/16/2019 10:38,R_mNuDzFWCL9s5KrR,1,0,0,0,0,0,0,1,3
9/8/2019 12:15,R_mSlZerp2pjSbN5A,2,8,10,10,2,10,9,1,3
6/27/2019 14:03,R_mTOspdFLGQrQdJp,3,6,1,6,6,10,6,2, 
7/21/2019 15:14,R_mWSnxPT8TQ9roAx,2,6,10,10,10,10,8,1,3
9/7/2019 13:41,R_nC1zxgtutZBKw0O,1,8,10,6,6,10,10,1,3
7/8/2019 13:09,R_ngRXQtUKof2j3Rw,1,10,8,8,2,10,10,1,3
9/8/2019 12:48,R_nhcyzy2PBrVcUNk,2,9,10,4,1,9,9,1,3
5/14/2019 16:16,R_nK1KTLyEWiLZTiz,1,5,8,6,6,8,8,1,1
6/12/2019 11:08,R_nOcnmy8XVH7dBde,3,10,9,10,8,9,10,2, 
7/21/2019 15:53,R_nrBBYaiYHfUkQMP,2,10,10,10,1,10,10,1,3
8/11/2019 15:13,R_nuisER863QNtZZ2,3,7,3,7,3,7,7,2, 
5/29/2019 11:48,R_o2qbGSXdk8ESI1t,3,10,5,7,10,10,10,2, 
7/25/2019 11:34,R_o33aijorB6UZ0en,1,6,6,5,5,6,6,1,3
6/19/2019 15:15,R_ogypCSaDiZrqux9,2,9,9,10,10,10,10,1,3
6/19/2019 12:53,R_oieNkeNggP7z0K6,1,0,0,0,0,0,0,1,3
6/8/2019 12:55,R_oMv76a7XdhlAmIJ,2,10,10,7,5,8,8,1,3
8/6/2019 11:29,R_ooDy6fjIoGm6Dmj,1,0,0,0,0,0,0,1,3
7/19/2019 15:02,R_oPkzavHk8OxNlXI,2,10,10,10,10,0,10,1,1
9/7/2019 13:05,R_oPUf8jEUxFd14iH,1,10,10,0,7,10,10,1,3
8/8/2019 15:08,R_orpbuQF2KeJBco7,3,8,9,9,9,6,7,1,2
7/21/2019 15:17,R_oxEw8doy0N23O4A,2,10,10,10,10,10,10,1,3
8/31/2019 12:07,R_0PDk7cISlnhTFn6,1,10,8,3,3,10,7,1,3
7/27/2019 13:18,R_0U9qoDJcohGrVhU,3,8,8,8,8,8,8,2, 
9/29/2019 12:30,R_0ylvEJmk1Pn3hGG,1,10,10,10,1,10,10,1,3
9/29/2019 11:29,R_0ZEtQDCWmtXojPI,1,9,10,10,1,10,10,1,3
8/2/2019 10:51,R_14gDPk3w9AeS4aD,1,10,10,10,2,8,10,1,3
9/4/2019 18:41,R_1CHiW9qzVXwIbeh,2,10,10,10,10,10,10,1,3
7/12/2019 13:56,R_1GbicwF9jurh0Am,3,8,1,3,1,9,8,2, 
6/18/2019 11:41,R_1jBvVeoNQEmsyle,1,10,10,10,7,9,10,1,3
7/27/2019 11:43,R_1MQqIhCy7Vh5fvK,3,8,1,8,6,8,10,2, 
7/18/2019 15:21,R_1yIhX8Hi3K3OraO,3,6,1,9,4,9,10,2, 
6/26/2019 11:29,R_1zsR1g8xRqvxSNo,3,8,8,8,8,8,9,2, 
7/3/2019 11:34,R_22xZrR7i5fNVoBP,2,5,9,2,5,9,7,1,3
7/23/2019 12:20,R_22Y40VR5SvpmgTY,1,8,10,2,2,9,10,1,3
9/19/2019 14:19,R_246uGi4ekzeWU5G,2,10,9,9,9,8,10,1,3
7/23/2019 10:32,R_2IRag4s2N3mNbrG,1,10,10,8,9,10,10,1,3
6/21/2019 15:06,R_2mKEpHI0oUMW2Wn,2,9,9,9,9,10,9,1,3
7/21/2019 13:21,R_2nNNQ9JLddGstgS,3,7,8,10,7,5,6,1,2
9/2/2019 11:01,R_2OXb0WVQXh5kMxa,3,8,9,8,9,10,7,2, 
8/30/2019 14:11,R_34LAmXVy7kjyQAT,3,8,10,7,9,6,6,2, 
7/29/2019 11:02,R_36npfaQBzQs6INe,2,10,10,9,4,10,10,1,3
9/4/2019 19:15,R_3cjggFxmoaXVpdU,2,10,10,8,8,9,7,1,3
6/21/2019 14:26,R_3Dol2Jvq4oty7mb,3,9,9,9,9,9,8,2, 
7/15/2019 10:20,R_3fkJOXVTgli9N31,1,5,5,6,6,6,6,1,2
7/18/2019 15:03,R_3gd7JDEE9DrUeUh,3,8,1,4,8,8,9,2, 
6/19/2019 13:38,R_3oYxYvrctLgbuQ3,3,10,5,10,10,10,10,2, 
6/30/2019 15:17,R_3PCgzsrztROjJyc,3,8,7,10,10,10,10,2, 
9/7/2019 13:30,R_46qHkbljML9byvq,1,10,10,10,3,10,10,1,3
8/20/2019 11:41,R_4c4xiTC0pU6oaaB,2,3,9,5,3,3,5,2, 
8/12/2019 12:01,R_4Crw5hXFYHU0FlR,2,10,10,7,5,10,10,1,3
6/12/2019 11:37,R_4EaEALooe24iElp,3,6,7,6,7,7,5,2, 
7/21/2019 13:58,R_4FLDJPd8g9lFkX9,3,10,10,9,9,10,10,2, 
10/12/2019 12:32,R_4nhrIJTBZ14JCL4,1,10,10,10,2,10,10,1,3
9/7/2019 13:02,R_4pkRYrLa1yUwofv,3,10,1,10,8,10,5,2, 
9/14/2019 12:49,R_4PuS5a4iMWYQl2U,1,10,10,8,1,10,10,1,3
7/19/2019 12:14,R_4rnG1FFJ6QPxGeR,3,1,4,4,3,1,6,2, 
7/2/2019 12:12,R_4vD415D1Pj0FpXt,1,10,10,7,7,9,4,1,2
6/1/2019 11:52,R_57AU6YrZB9sPkz4,1,8,8,8,10,10,10,1,1
6/1/2019 11:11,R_5AXk01s32LF4MGV,2,10,9,9,2,7,9,1,3
9/2/2019 13:21,R_5cavrRoFcHGhFoz,2,9,10,7,7,6,5,1,3
6/19/2019 13:00,R_5FOulWLSVPVCjdG,1,5,8,7,2,9,10,1,3
7/29/2019 11:02,R_5GdU9ZGSJs9Jjl9,2,10,10,9,4,10,10,1,3
7/31/2019 10:37,R_5gRkooBBosg3oHE,1,0,0,0,0,0,0,1,3
7/29/2019 11:11,R_5IDp5rEGYezAKaU,1,10,10,7,7,10,10,1,3
6/15/2019 13:28,R_5kpga98P6J9pKFC,3,9,2,8,6,9,7,2, 
6/17/2019 12:34,R_5rxPW9CmL7qYDx4,1,7,8,6,5,10,8,1,3
8/25/2019 12:29,R_6azlto5Cm6Ag1Mr,3,8,1,8,5,8,8,2, 
6/25/2019 15:47,R_6CGONpI1wOWyHTZ,1,0,0,0,0,0,0,1,3
7/14/2019 15:15,R_6D5r2Qgt16mj126,3,10,10,10,10,9,10,1,3
6/21/2019 14:45,R_6EfYOIUNp41RnZZ,3,10,10,10,10,8,10,2, 
9/22/2019 12:06,R_6pJfdngipX0uZYO,1,9,9,9,9,9,9,1,3
6/26/2019 15:56,R_6VRt0sm9pVoRWiB,2,8,8,8,8,8,8,1,3
9/15/2019 11:18,R_73sBpWAwOlkbINE,1,10,10,7,7,8,10,1,3
6/17/2019 13:20,R_7EVwYcTBmHkgAiV,1,0,0,0,0,0,0,1,3
7/27/2019 12:19,R_7falm1UWZgMk0G2,3,8,9,9,9,8,8,2, 
9/4/2019 18:59,R_7K2NTuoTPY5wY32,2,9,10,7,8,9,10,1,3
9/21/2019 12:32,R_7VPtutkgNl5IteE,2,8,0,3,3,8,8,1,3
9/13/2019 14:18,R_80HmmXY9tr62kD8,2,10,10,9,7,9,10,1,3
7/26/2019 11:59,R_84O91N9kahWaoT1,3,10,10,10,10,10,10,2, 
6/15/2019 11:11,R_855Ysm66ZclDfA2,3,7,9,9,9,8,5,2, 
6/19/2019 14:09,R_8caILjF0UDXHKKN,3,10,0,10,0,10,10,2, 
6/19/2019 12:20,R_8FEDV4vsZALvYeb,2,10,10,10,9,10,10,1,2
6/13/2019 14:47,R_8KGC4gXLRuLkrXt,1,10,10,10,7,10,10,1,3
9/29/2019 12:45,R_8meyArkVeI1Bjdm,2,9,10,9,9,9,10,1,3
7/12/2019 12:15,R_8PBa0Y2GJ5EqaYG,3,10,10,10,10,10,10,1,1
6/20/2019 14:40,R_9CAzxtUcq08yMy7,2,8,10,10,5,10,7,1,3
7/21/2019 15:19,R_9I32tZBei3huXnT,2,8,9,8,6,5,8,1,3
7/7/2019 13:48,R_9S3X4cOFmQVzAHU,3,8,7,8,5,8,9,1,1
6/17/2019 12:42,R_9VbTwYX0pM2yVvS,1,5,10,2,2,6,10,1,3
8/7/2019 11:24,R_ah20jUMa4ZeoirI,1,10,10,5,5,10,10,1,3
7/29/2019 10:37,R_aIiSZE4Jg52MBuP,2,8,10,7,3,10,10,1,3
7/25/2019 10:53,R_aIYwjOwtqMjYhmt,1,0,0,0,0,0,0,1,3
6/25/2019 13:32,R_am3SNlFK3Ddx2Sq,1,10,10,10,5,10,10,1,3
9/21/2019 12:35,R_aPXk4dfjdjhtsqS,1,7,7,7,7,7,7,1,3
9/4/2019 18:18,R_aXjh81Fnmxx5C7d,2,10,10,10,10,10,10,1,3
6/17/2019 12:48,R_bFUSsnBkylLs7g9,1,8,10,6,6,8,4,1,3
7/1/2019 11:30,R_bhPwkFpBW4SWSc9,1,10,10,8,9,10,10,1,3
6/26/2019 15:36,R_bjQdGswI6xWlLVW,1,0,0,0,0,0,0,1,3
6/14/2019 11:55,R_bjuqIEEahsVeYU8,2,10,10,6,6,10,10,1,3
6/27/2019 14:08,R_bXJJ8OSBDVylZ5D,3,8,9,7,8,7,8,1,1
7/15/2019 12:22,R_bZIoHMNfCstNi4T,1,10,10,6,7,9,10,1,3
8/25/2019 13:00,R_c9EP3TAbVdFYnu4,2,9,10,10,3,9,10,1,3
9/4/2019 17:43,R_cd7g3mS0ESHTbCJ,2,10,10,10,7,8,5,1,3
7/22/2019 11:24,R_cocilfXKimQpQGW,1,10,10,4,3,10,10,1,3
6/29/2019 13:04,R_dBkSgnenHAaAH9P,1,7,8,7,6,8,9,1,3
7/26/2019 12:27,R_dhTLPwlUX3Q4ieu,1,10,10,3,3,8,10,1,3
6/14/2019 13:23,R_dOj0qd49t7odclP,2,10,10,10,7,10,10,1,3
7/19/2019 12:25,R_dQAroTUhkkjFcyD,3,8,0,6,0,6,0,2, 
7/12/2019 11:30,R_ds3fOhOGtQQqITj,1,10,10,5,5,10,10,1,3
9/15/2019 11:45,R_dX7MB2Gsa1TQieH,2,8,10,9,4,7,10,1,3
8/25/2019 12:46,R_dXYFfC0eGCAtaoX,3,7,5,5,5,9,9,2, 
7/12/2019 11:35,R_dZGTftMJflZPenL,3,10,5,1,10,1,10,2, 
6/21/2019 13:46,R_e5QsgLbeVWmmTTA,3,5,7,7,9,9,9,2, 
7/21/2019 11:44,R_ecQ52pYZsoPvHpA,3,9,10,9,6,8,7,1,2
7/16/2019 11:16,R_eetm3BHI6zXK6v7,1,10,10,6,6,10,10,1,3
9/4/2019 18:01,R_efkk3nKoPjDCsNd,2,10,10,7,7,9,8,1,3
6/21/2019 14:31,R_eRWkKJwVofycV8r,3,6,1,4,3,7,2,2, 
8/31/2019 11:24,R_exyRTlRNDT9gOX0,2,10,10,6,3,9,9,1,3
7/2/2019 10:55,R_fcCtr4WiudikvuA,1,8,10,10,10,10,7,1,3
10/12/2019 12:36,R_ftDaSyvDHTxQFkQ,1,8,10,10,2,8,8,1,3
7/8/2019 12:52,R_fU91ZG8k4RFcr6J,1,8,10,6,3,9,10,1,3
6/19/2019 11:41,R_g38ZaBEAsD1Q7Gg,1,6,9,6,3,8,10,1,3
8/4/2019 15:25,R_g3Y7VMgGWe3u448,3,7,9,9,9,6,3,1,2
6/17/2019 12:34,R_gd0Pgkb3TYX6VBz,1,7,10,8,10,8,10,1,3
7/28/2019 13:06,R_ghiQr6jZgc2nFqt,2,0,0,0,0,0,0,1,3
10/6/2019 14:04,R_gY0bvDSLs1NJIqI,2,10,10,10,1,10,10,1,3
9/4/2019 19:50,R_h0eGDVMfWOTltpR,2,10,10,7,7,8,9,1,3
7/31/2019 11:20,R_h60nGDRESB9oCUK,1,9,10,3,3,10,10,1,3
7/15/2019 12:27,R_h6gQMnAhTUSvHEP,1,7,9,6,4,8,9,1,3
8/11/2019 13:53,R_haDh8Mcb6pasRFJ,3,8,8,8,8,8,6,2, 
8/11/2019 12:57,R_hDKuL4BW6lGNq2R,3,9,4,9,8,10,10,2, 
8/7/2019 11:57,R_hdRqRMddXv6jzoF,1,10,10,4,4,10,10,1,3
6/15/2019 12:28,R_hfi082HyncDEdSD,3,10,7,7,7,9,4,2, 
7/29/2019 11:22,R_hhGbwktyQwYxXqD,1,10,10,7,7,9,10,1,3
6/4/2019 11:20,R_hKmflBhvuNNd8dO,2,9,9,8,0,8,10,1,2
7/5/2019 13:49,R_htfSLuYz3XVwZK4,1,0,0,0,0,0,0, , 
7/19/2019 13:49,R_huqSaPVg5wEHlWX,3,9,9,9,9,9,9,1,1
6/17/2019 12:48,R_i4mA3vfhrAWGDCe,1,10,10,5,1,10,10,1,3
9/22/2019 12:24,R_iDJNmNj51HR2Jvz,1,8,8,5,1,7,0,1,3
7/21/2019 16:17,R_ihBIR6d0hXAkMLG,2,6,8,5,5,6,7,1,3
5/28/2019 12:06,R_ihosp497DaeQOJY,2,7,10,8,3,10,10,1,3
7/12/2019 11:29,R_ijMKtbGXzhjGU6M,1,10,10,7,6,10,10,1,3
10/5/2019 12:24,R_iNCb9VrxRYXnH6G,1,7,10,8,5,8,8,1,3
7/2/2019 11:57,R_iPF44ome25omgbO,1,6,8,2,7,5,7,1,3
8/8/2019 13:40,R_iUThCSKY9gDjInT,3,8,6,8,8,10,1,2, 
8/5/2019 12:37,R_j7EjIqckHXJ3zT2,1,10,9,5,1,9,10,1,3
8/3/2019 10:58,R_jAOQY6jndnMt2sz,1,10,10,4,7,10,10,1,3
7/29/2019 10:37,R_jGbWBVu7QXTrLZM,2,8,10,7,3,10,10,1,3
7/26/2019 14:36,R_jiwUX6NZhBEgIdm,2,10,6,7,7,10,9,1,3
9/4/2019 20:17,R_jNBspikgeCbQphV,2,10,10,10,10,10,10,1,3
9/7/2019 12:48,R_joQ174hwZw2BixJ,1,10,10,10,1,10,10,1,3
7/11/2019 15:57,R_k2Dore3hdaw83CH,2,8,9,6,8,7,4,1,3
7/21/2019 12:35,R_k2FXEHyZ4sPmyeo,3,8,10,5,5,8,8,1,2
10/12/2019 12:23,R_kgeAmhKOEzXnIB0,1,7,9,10,1,5,0,1,3
6/26/2019 14:31,R_kgxr4f5QJd7suq7,3,10,10,10,10,10,10,1,1
9/4/2019 20:04,R_kNmPWHLc39K0Hti,2,9,10,5,7,9,8,1,3
6/9/2019 8:28,R_kOw0JjJpudYiFj4,3,10,10,10,10,10,10,2, 
9/8/2019 11:40,R_kQgSwesnEfRHNlV,3,10,9,8,9,10,10,1,3
8/3/2019 10:56,R_kQnheIlhdWiiton,1,10,10,7,1,10,10,1,3
8/25/2019 12:54,R_kUl042yzrxTGkZ2,2,10,10,7,1,6,9,1,3
7/28/2019 13:54,R_kW73qIFxzoks0XE,2,5,10,6,2,9,4,1,1
6/1/2019 13:02,R_kWABhXcoOX04nc9,2,8,8,8,4,7,8,1,3
7/5/2019 12:32,R_kyONRq2loxgDgmU,3,10,1,5,4,10,10,2, 
6/11/2019 11:11,R_l6R8jGf3iTyHIOP,1,10,10,9,5,9,8,1,3
6/12/2019 11:34,R_lkCuFxOOqrQ9Hs8,2,8,10,5,5,9,9,1,3
6/18/2019 10:56,R_lVPuMBnfoCNW5Ie,3,10,10,7,7,10,10,2, 
8/23/2019 15:17,R_lZUlOOf3eTqe5wn,2,8,10,8,3,6,9,1,3
6/22/2019 10:54,R_mbsob7xHypRi6Yg,1,9,10,7,4,7,9,1,3
8/30/2019 11:48,R_mccShD4y6D8HUOB,2,9,10,7,6,9,6,1,3
6/30/2019 15:09,R_mkK5PSHJ7YUB9lO,3,10,1,5,3,9,4,2, 
9/4/2019 21:22,R_mLeAydz1udxyup1,2,10,10,8,10,10,10,1,3
6/20/2019 14:53,R_n2898qm8e0wWvcw,2,10,10,10,5,10,6,1,3
9/4/2019 21:02,R_nqGNlQXQySmTBTg,2,10,10,9,7,7,7,1,2
6/10/2019 12:53,R_nZ2YgLYmD58XKuM,1,8,10,5,2,6,8,1,3
8/11/2019 14:03,R_o3FXpMoylzbk1RU,3,10,1,7,6,8,4,2, 
7/25/2019 10:56,R_oeD6PnSgNMklBz8,1,2,8,1,1,8,8,1,3
7/5/2019 13:08,R_oHXlyC5uG6dpeT4,3,8,5,2,5,10,8,2, 
5/16/2019 14:13,R_pELYaE8f3W6tMBP,1,9,9,9,9,9,9,1,2
