StartDate,ResponseId,Location_Summary,Partysize,NVisits,CITY,AGE,Age_Range,SEX,ZIP,Zip3A,Income,Hotel,MealMD,MealDay,OtherDay,Other,Visit_mode,Visit_area,CountyName,RegionName,TripType,OtterYN,OtterNum,ESBID_1,ESBID_2,ESR1,ESR2,OTBID_1,OTBID_2,OTR1,OTR2
5/8/2019 22:45,R_1LhrZ94WcV9P3Ca, ,4,8,1, , ,1, , , , , ,5,5, , , , ,,1,1,3,40,30,0,0,40,30,0,0
6/19/2019 15:23,R_2RCEPWsKxGOEa9c, , , , , , , , , , , , , , , , , , ,, , , , , , , , , , , 
5/5/2019 14:31,R_2S6IsUjqcp37p5Q,1,1,3,2, , , , , , , , , , , ,3,1, ,,2,1,2,30,40,1,1,30,40,1,1
4/28/2019 10:57,R_2TN76xaMWYl8kT5, , , , , , , , , , , , , , , , , , ,, , , , , , , , , , , 
5/6/2019 14:10,R_2YPaAuNiTmYBvo4, , , , , , , , , , , , , , , , , , ,, , , , , , , , , , , 
5/9/2019 9:03,R_30nJRbQxdqYpf37, , , , , , , , , , , , , , , , , , ,, , , , , , , , , , , 
4/28/2019 10:56,R_3iX5JdZvQWxtyjA, , , , , , , , , , , , , , , , , , ,, , , , , , , , , , , 
5/8/2019 23:05,R_3JyjiOHnrqRJNeP, , , , , , , , , , , , , , , , , , ,, , , ,30, ,0, , , , , 
4/28/2019 10:46,R_3qF4dJVi59Jn7w6, , , , , , , , , , , , , , , , , , ,, , , , , , , , , , , 
7/21/2019 13:03,R_5DfAil9U8qsJv4w,3,2,7, ,62,5,2,95076,950,125000, , ,5,5,5,4,2,Monterey County,Monterey Bay,1,2, ,10,5,0,0,10,5,0,0
8/11/2019 15:32,R_cwQyOGL0Y4hkNC9,3,4, , ,33,2,2,93901,939,55000, , ,55,110,45,4,2,Monterey County,Monterey Bay,1,2, ,40,50,1,0,40,50,1,0
6/23/2019 13:55,R_gdXUCeC911tgS7M,1,4, , ,41,3,1,94087,940,200000, , ,75,130,130,3,1,Santa Clara County,East SF Bay,1,1,3,10,20,1,0,10,20,1,0
9/8/2019 12:38,R_jx3Wup0aQlhlB4A,1,2,1, ,71,6,1,10128,101,200000, ,75, , ,130,1,1,New York County,Outside California,2,1,3,40,50,1,1,40,50,1,1
9/7/2019 11:50,R_kGao4D1fWn4NnvZ,3,3, , ,60,5,2,92397,923,95000, ,25, , ,35,4,2,Los Angeles County,Southern California,2,1,3,20,30,1,0,20,30,1,0
5/7/2019 14:04,R_mjQL4u1I8K9Dbns,1,2,2,3,51,4,1,90034,900,95000, , ,55,55, ,3,1,Los Angeles County,Southern California,1,1,2,40,50,1,1,40,50,1,1
6/26/2019 14:29,R_ol2Yky2mnY1vSXk,3, , , , , , , , , , , , , , ,4,2, ,, , , , , , , , , , , 
5/5/2019 14:31,R_UceF4CuXFduQMhz,2, , , , , , , , , , , , , , ,3,1, ,, , , , , , , , , , , 
6/26/2019 11:25,R_06oajfl5Srd8kay,3,1,10, ,25,1,2,92592,925,15000, , ,5,5,5,4,2,Riverside County,Southern California,1,1,2,40,30,0,1,40,30,0,1
5/14/2019 13:39,R_0Jpgv3iD1h0GWak,1,1,3, , , , , , , , ,110, , ,110,1,1, ,,2,1,3,10,20,1,1,10,20,1,1
6/11/2019 11:04,R_0lC5G2v8xzfPCNG,1,2,1, ,76,6,2,95062,950,200000, , ,25,5,75,2,1,Santa Cruz County,Monterey Bay,1,1,3,40,50,1,1,40,50,1,1
6/5/2019 11:05,R_0pvfHNOTZWZJWzt,1,1,12, ,72,6,1,95076,950,65000, , ,25,0,0,1,1,Monterey County,Monterey Bay,1,1,3,40,50,1,1,40,50,1,1
9/14/2019 14:07,R_0QR9AdSUCsDI3Mx,2,2, , ,42,3,1,94577,945,200000, , ,55,85,85,3,1,Alameda County,East SF Bay,1,1,3,40,50,1,1,40,50,1,1
7/26/2019 11:04,R_0st88mzaSZGsODm,2,3,1, , , ,1, , , , , ,5,45,5,2,1, ,,1,1,2,40,30,0,0,40,30,0,0
6/15/2019 12:38,R_0uO8gn3MljbTTBa,3,2,1, ,57,4,1,94588,945, , ,110, , ,45,4,2,Alameda County,East SF Bay,2,2, ,10,20,1,0,10,20,1,0
7/21/2019 14:33,R_0UVnzSqz8Z8stdp,2,2,8, , , ,2,95003,950,200000, , ,65,95,95,3,1,Santa Cruz County,Monterey Bay,1,1,3,10,20,1,0,10,5,0,0
9/29/2019 11:18,R_0xJO5ztzHlqtLAr,1,2,0, ,58,4,2,92683,926,200000, ,65, , ,200,1,1,Orange County,Southern California,2,1,3,30,40,1,1,30,40,1,1
10/5/2019 12:02,R_0ytc8155dihO7KG,1,2,4, ,66,5,2,95060,950,125000, , ,45,5, ,1,1,Santa Cruz County,Monterey Bay,1,1,3,30,40,1,1,30,40,1,1
9/7/2019 11:46,R_118XQjFOMabxN6E,3,4, , ,33,2,1,95076,950, , , ,5,5,5,4,2,Monterey County,Monterey Bay,1,2, , , , , ,10,5,0,0
8/11/2019 15:27,R_190p1LNXXganLv7,3,2,0, ,31,2,1,93906,939,125000, , ,45,110,110,4,2,Monterey County,Monterey Bay,1,2, ,30,20,0,1,30,20,0,0
9/4/2019 20:15,R_1A0lRJlbpQimNkM,3,1,2, , , ,2, , ,200000, , ,15,25,15,4,2, ,,1,2, ,40,30,0,0,40,30,0,0
8/1/2019 12:31,R_1CasAf0GyRjPWVY,1,2,1, ,24,1,1,93940,939,75000, , ,35,55,0,3,1,Monterey County,Monterey Bay,1,1,3,10,20,1,1,10,20,1,1
6/28/2019 15:08,R_1dmgNJqxUP2VmsI,2, ,6, , , ,2,94061,940, , , ,55,5,85,2,1,San Mateo County,West SF Bay,1,1,3,10,20,1,0,10,20,1,0
7/31/2019 14:15,R_1DVf6ryvDiTCNct,1,1,1, ,51,4,1,90034,900,75000, , ,55,110,45,3,1,Los Angeles County,Southern California,1,1,2,30,40,1,0,30,40,1,0
7/19/2019 10:24,R_1EzdmzsttMBmjba,3,2,3, ,49,3,2,93923,939,200000, , ,35,75,65,4,2,Monterey County,Monterey Bay,1,2, ,10,20,1,1,10,20,1,1
7/28/2019 14:20,R_1hayZSSg8NyQSS0,3,2,10, , , ,1, , ,125000, , ,55,55,230,4,2, , ,1,2, ,40,50,1,0,40,30,0,0
5/16/2019 14:42,R_1I5iEK8qrlZQJss,3,6,4, , , ,1,1,1,85000, ,150, , ,110,4,2, , ,2,1,2,20,30,1,1,20,30,1,0
5/16/2019 14:23,R_1N4V6tACHW98DJi,1,2,3, , , ,1,1,1,95000, , ,75,75,95,2,1, , ,1,1,2,20,30,1,1,20,30,1,1
6/8/2019 10:49,R_1nYiblT0l8XWTi9,3,2,1, ,63,5,2,95124,951,125000, , ,25,110,110,4,2,Santa Clara County,East SF Bay,1,1,1,40,50,1,0,40,50,1,0
6/9/2019 10:29,R_1pr90FfFlUT4gYV,1,3, , ,54,4,2,95125,951, , , ,150,65,65,1,1,Santa Clara County,East SF Bay,1,1,3,20,30,1,1,20,30,1,1
5/31/2019 16:08,R_1qZ6vzbmHUg8ZiO,3,5, , , , , , , , , , ,65,55,55,4,2, , ,1,1,1,10, ,0, , , , , 
6/11/2019 12:17,R_1VooyPZUeaiVb0F,2,8,11, , , ,2, , ,25000, , ,25,5,5,1,1, , ,1,1,3,10,20,1,1,10,20,1,1
7/21/2019 12:02,R_1WGHyB9Rg7AuV7J,3,1,7, ,62,5,1,95076,950,125000, , ,5,5,5,4,2,Monterey County,Monterey Bay,1,2, ,20,10,0,0,20,10,0,0
8/11/2019 15:05,R_1XIzrmrwcoyOLUZ,3,6, , , , ,2, , , , , ,55,110,150,4,2, , ,1,2, ,10,20,1,0,10,20,1,0
7/21/2019 14:20,R_1Yy4fEuQWtHpmrL,2,6, , ,36,2,1,95126,951,65000, , ,25,5,5,1,1,Santa Clara County,East SF Bay,1,1,3,10,20,1,0,10,20,1,0
7/5/2019 12:44,R_257mlxn9aXbDksI,3,2, , ,38,2,1,94087,940,125000, , ,35,5,0,4,2,Santa Clara County,East SF Bay,1,1,2,30,20,0,0,30,20,0,0
6/15/2019 13:09,R_2pbY2gNKV7yC0A0,3,1,11, , , ,2,95012,950, , , ,0,0,0,4,2,Monterey County,Monterey Bay,1,2, ,40,30,0,0,40,30,0,0
8/6/2019 11:06,R_2QQZGSdDLbG7EOR,1,2,2, ,59,4,1,93940,939,85000, , ,45,35,35,1,1,Monterey County,Monterey Bay,1,1,3,20,30,1,1,20,30,1,0
6/18/2019 12:50,R_2tw7tr3fQ0mN1XM,1,4, , ,40,3,1,77380,773,95000, , ,110,65,230,1,1,Montgomery County,Outside California,1,1,3,40,50,1,1,40,50,1,1
7/31/2019 10:57,R_2txiRnw8P7Mjf8t,1,1,200, ,73,6,1,93901,939,125000, , ,15,0,15,3,1,Monterey County,Monterey Bay,1,1,3,30,40,1,1,30,40,1,1
8/3/2019 11:09,R_2TYokDjV8Kc6zMn,1,2,3, ,63,5,1,95064,950,65000, , ,45,25,0,3,1,Santa Cruz County,Monterey Bay,1,1,3,10,20,1,1,10,20,1,1
7/12/2019 11:27,R_2UoEG1WEpicgHj3,1,2,10, ,26,1,1,92504,925,15000, , ,35,25,65,1,1,Riverside County,Southern California,1,1,3,20,30,1,1,20,30,1,1
7/19/2019 9:49,R_2uz8TUfXRf7nk5G,3,2,6, ,39,2,1,93940,939,125000, , ,25,0,0,4,2,Monterey County,Monterey Bay,1,1,3,40,50,1,0,40,50,1,0
8/7/2019 11:59,R_2VGSFryWCZbczgM,1,4,6, ,38,2,2,93940,939,200000, , ,45,0,35,3,1,Monterey County,Monterey Bay,1,1,3,30,40,1,1,30,40,1,1
6/12/2019 9:54,R_30ZuKj1FZ31yosa,3,1,10, ,24,1,2,95076,950,15000, , ,5,5,5,4,2,Monterey County,Monterey Bay,1,2, ,10,5,0,0,10,5,0,0
6/6/2019 12:39,R_31hk5tjePBdHrmN,2,4,11, , , ,1, , , , , ,0,110, ,2,1, , ,1,1,2,40,50,1,1,40,50,1,1
7/15/2019 16:46,R_3MC6m9OGUrEQwXK,2,2,5, ,27,1,1,89147,891,45000, ,65, , ,95,1,1,Clark County,Outside California,2,1,2,30,40,1,0,30,20,0,1
6/15/2019 13:56,R_3n7K0epQqBt5Yfw,1,5,2, ,43,3,2,95706,957,125000, , ,25,5,5,1,1, ,Northern California,1,1,2,20,30,1,0,20,30,1,0
6/4/2019 11:39,R_3NTv9yjoYWu9yk0,2, ,11, ,67,5,1,95039,950, , , , , ,55,2,1,Monterey County,Monterey Bay, ,2, ,40,50,1,0,40,30,0,0
8/4/2019 14:07,R_3ohIBlNOebU7vtu,3,1,10, ,35,2,1, , ,55000, , ,0,0,0,4,2, , ,1,1,2,10,20,1,0,10,20,1,0
9/14/2019 13:49,R_3tMjZqg5pC0pmKg,1,2, , ,28,1,2,95060,950,65000, , ,25,25,5,1,1,Santa Cruz County,Monterey Bay,1,1,3,30,40,1,0,30,40,1,0
7/21/2019 13:59,R_4aDloiwJM9tXZUF,2, , , ,28,1,1,95062,950,75000, , ,85,95,85,1,1,Santa Cruz County,Monterey Bay,1,1,3,10,20,1,0,10,5,0,1
8/11/2019 14:36,R_4EIiMwJp8XIEmFA,3,2,4, ,71,6,2,95073,950,45000, , ,5,5,5,4,2,Santa Cruz County,Monterey Bay,1,2, ,30,40,1,0,30,40,1,1
7/28/2019 12:49,R_4IJqASCNZDn6PEI,2,7,1, ,55,4,1,94306,943,200000, , ,25,5,5,1,1,Santa Clara County,East SF Bay,1,1,3,30,40,1,1,30,40,1,0
9/2/2019 10:55,R_4JDeqvdJlI3Fwd2,3,2,10, ,64,5,1,93942,939,200000, , ,35,25,5,4,2,Monterey County,Monterey Bay,1,2, ,10,20,1,1,10,20,1,1
8/3/2019 11:05,R_4lk2nHANE7vkeJV,1,2,6, ,59,4,2,95062,950,125000, , ,25,25,25,3,1,Santa Cruz County,Monterey Bay,1,1,3,40,50,1,0,40,50,1,0
9/4/2019 18:24,R_4o1micvZZYOFvyE,2,2,1, ,59,4,2,93950,939, , , ,45,5,5,3,1,Monterey County,Monterey Bay,1,1,3,10,20,1,1,10,20,1,1
8/25/2019 11:34,R_4RgOSCDtMVTaAn3,3,1,11, ,52,4,1,93907,939,200000, , ,5,5,5,4,2,Monterey County,Monterey Bay,1,2, ,40,30,0,0,40,30,0,0
6/15/2019 12:48,R_4sjeaeTQP8BCtlf,3,2,3, ,42,3,2,93940,939, , , ,45,5,5,4,2,Monterey County,Monterey Bay,1,2, ,30,40,1,1,30,20,0,0
6/20/2019 11:45,R_4UxPGlgyBoqMLiT,1,1,200, ,25,1,2,93907,923,25000, ,15, , ,0,3,1, ,Monterey Bay,2,1,3,20,10,0,1,20,30,1,0
8/4/2019 13:05,R_4wXi698nKlHPtyi,3,2,3, ,31,2,1,93940,939,15000, , ,5,15,5,4,2,Monterey County,Monterey Bay,1,2, ,10,5,0,1, , , , 
9/29/2019 12:09,R_4xOD2EdJfTImvh9,2,8, , ,41,3,1,94806,948,200000, , ,170,170,200,3,1,Contra Costa County,East SF Bay,1,1,3,10,20,1,0,10,20,1,0
8/5/2019 12:51,R_54ls1yttjnqIqwn,2,2,6, , , , , , , , , ,0,15,15,3,1, , ,1,1,2,20,30,1,0,20,30,1,0
9/8/2019 14:52,R_58UHhVPP74aBLkw,3,2,4, ,24,1,2,95076,950,25000, ,0, , ,0,4,2,Monterey County,Monterey Bay,2,2, ,20,10,0,0, , , , 
6/7/2019 11:49,R_5biTBaL3mD33zfi,3,2,6, ,67,5,1,93950,939,125000, , ,35,5,5,4,2,Monterey County,Monterey Bay,1,2, ,40,30,0,0,40,30,0,0
10/12/2019 11:34,R_5GtteE2jf1muIzH,1,2,3, ,59,4,2,93955,939,85000, , ,65,75,75,1,1,Monterey County,Monterey Bay,1,1,3,30,40,1,0,30,40,1,0
8/3/2019 10:18,R_5hfcUoSgpyvRR4V,1,2,4, ,69,5,1,93940,939,200000, , ,45,25,35,3,1,Monterey County,Monterey Bay,1,1,3,40,50,1,0,40,50,1,0
7/3/2019 11:57,R_5HJ2yUbt6eavDqC,1,2,8, ,70,6,1,93933,939,75000, , ,25,0,65,1,1,Monterey County,Monterey Bay,1,1,3,20,30,1,1,20,30,1,1
8/12/2019 10:23,R_5hPZagLe4BpPZyE,1,4,4, ,52,4,1,93940,939,85000, , ,65,65,55,1,1,Monterey County,Monterey Bay,1,1,3,30,40,1,0,30,40,1,0
9/7/2019 13:44,R_5vEar7KjxpzYvZO,2,4, , ,58,4, ,95714,957,95000, , ,110,275,275,3,1,Placer County,Northern California,1,1,3,30,40,1,1,30,40,1,1
9/7/2019 12:30,R_5Xdw0h9LJy6jHNm,2,1,4, ,59,4,2,95112,951,200000, , ,5,5,5,3,1,Santa Clara County,East SF Bay,1,1,3,30,40,1,1,30,20,0,0
8/8/2019 14:34,R_5ymjCCbeg3r3g4V,3,1,1, ,23,1,1,939556,939,65000, , ,0,0,0,4,2, , ,1,2, ,10,20,1,1,10,20,1,1
9/13/2019 14:28,R_65meOMHsyWF4b4A,2,2,2, ,27,1,2,94207,942,125000, , ,35,65,65,3,1,Sacramento County,Northern California,1,1,3,20,30,1,1,20,30,1,1
6/19/2019 15:10,R_69dy49a0btMw9en,2,4,5, ,41,3,2,93950,939,95000, , ,95,45,45,2,1,Monterey County,Monterey Bay,1,1,3,10,20,1,0,10,20,1,0
7/27/2019 12:34,R_6bLDBjkQbkizCbm,3,3,1, ,20,1,2,93950,939,7000, , ,5,5,5,4,2,Monterey County,Monterey Bay,1,2, ,30,40,1,1,30,40,1,1
9/14/2019 12:46,R_6bOyMURAlAqAmAX,2,3,2, ,21,1,1,93906,939, , , ,5,5,5,3,1,Monterey County,Monterey Bay,1,1,3,20,30,1,0,20,30,1,1
6/15/2019 15:00,R_6FmeclDieJLAWRQ,1,4,2, ,50,4,1,95050,950,200000, ,150, , ,275,1,1,Santa Clara County,East SF Bay,2,1,3,20,30,1,1,20,30,1,1
7/12/2019 11:40,R_6IoAI4Sk4sqxtUX,3,1, , ,26,1,2, , ,25000, ,15, , ,5,4,2, , ,2,1,2,30,20,0,1,30,40,1,0
7/21/2019 12:32,R_6lDKNTTg1elWJEQ,3,1,10, , , ,1,95076,950,35000, , ,0,0,0,4,2,Monterey County,Monterey Bay,1,2, ,10, ,0, ,10,5,0,1
7/28/2019 13:18,R_6LqASqdIYVRFiAt,2,2,1, , , ,1,95037,950,200000, , ,15,95,35,3,1,Santa Clara County,East SF Bay,1,1,2,10,5,0,0,10,5,0,0
6/15/2019 13:03,R_6Mrgd36g8gloS59,3, , , , , ,1,95123,951,125000, , ,0,110,0,4,2,Santa Clara County,East SF Bay,1,2, ,40,50,1,0,40, ,0, 
10/5/2019 12:56,R_6oiY3Nk8IR86GCU,1,2, , ,30,2,2,94131,941, , , ,25,75, ,1,1,San Francisco County,West SF Bay,1,1,3,20,30,1,1,20,30,1,1
7/27/2019 14:14,R_6puAYqP6AT2iQae,3,2,5, ,26,1,2,95076,950,125000, , ,0,0,0,4,2,Monterey County,Monterey Bay,1,2, ,40,30,0,0,40,30,0,0
9/19/2019 14:01,R_6SO09bCTnOiSUXk,2,3,3, ,37,2,1,95063,950,95000, , ,25,75,75,3,1,Santa Cruz County,Monterey Bay,1,1,3,40,30,0,0,40,30,0,0
9/15/2019 12:02,R_6vBNl4KoU05GB9N,2,2, , ,25,1,1,94121,941,55000, , ,35,55,55,3,1,San Francisco County,West SF Bay,1,1,3,30,20,0,1,30,40,1,0
6/19/2019 15:00,R_7425wQRA5DdUAVE,2,24, , ,65,5,2,95051,950,15000, , ,55,5,5,2,1,Santa Clara County,East SF Bay,1,1,3,10,5,0,1,10,5,0,0
7/28/2019 14:07,R_7cmfBf5IJ8VQPmm,3,1,1, , , ,2,95357,953, , , ,5,15,15,4,2,Stanislaus County,Northern California,1,2, ,40,50,1,0,40,30,0,0
7/14/2019 16:02,R_7CXdizVga4oiREg,3,4, , ,38,2,2,95014,950,200000, , ,65,5,5,4,2,Santa Clara County,East SF Bay,1,2, ,40,30,0,0,40,50,1,1
9/8/2019 14:43,R_7FLGrHNl5FmcmGl,3,2,1, ,63,5,2,95060,950,200000, , ,45,5,5,4,2,Santa Cruz County,Monterey Bay,1,2, ,30,40,1,0,30,40,1,0
6/1/2019 12:59,R_7G0AC9M5OyWVX05,2,6,2, ,78,6,1,94115,941, , ,0, , ,35,2,1,San Francisco County,West SF Bay,2,2, ,10,20,1,0,10,5,0,1
7/21/2019 13:08,R_7K24tY2m38XrfKs,3,2, , ,39,2,1,93940,939,75000, , ,15,45,45,4,2,Monterey County,Monterey Bay,1,2, ,20,30,1,1,20,30,1,1
6/15/2019 12:11,R_7Lh0BM3tWaAl0HT,3, ,10, , , ,2,93905,939,35000, , ,15,15,45,4,2,Monterey County,Monterey Bay,1,2, ,30,20,0,0,30,20,0,0
7/8/2019 11:39,R_7NkBXEyJ7aluRRj,1,22, , ,23,1,1,Outside US,Out,15000, , ,15,15,0,1,1, ,Outside California,1,1,3,30,40,1,1,30,40,1,1
6/15/2019 12:02,R_7qcggeGl0BzMcO9,3,2,1, ,33,2,2, , , , , ,45,95,35,4,2, , ,1,2, , , , , ,20, ,0, 
7/27/2019 12:10,R_7ucbqEwhU6MS5vO,3,2, , ,54,4,1,94577,945,125000, , ,55,5,5,4,2,Alameda County,East SF Bay,1,2, ,20,30,1,1,20,30,1,1
6/7/2019 11:05,R_7Yfjga4yqKnGDd6,3,1,100, ,71,6,2,93907,939,125000, , ,110,5,5,4,2,Monterey County,Monterey Bay,1,2, ,40,50,1,0,40,50,1,0
9/14/2019 11:51,R_7ZOt3xj5GbBNVUO,1,4, , ,70,6,1,94109,941,200000, , ,45,55,5,1,1,San Francisco County,West SF Bay,1,1,3,30,40,1,1,30,40,1,0
6/6/2019 13:07,R_8KmQhHumrjBJRoW,2,4,3, ,67,5,2,93923,939, , , ,65,0, ,2,1,Monterey County,Monterey Bay,1,1,3,10,5,0,1,10,5,0,0
8/21/2019 11:40,R_8mjv1NpaqO5xsgh,2,1,10, ,27,1, ,93955,939,200000, , ,5,5,5,1,1,Monterey County,Monterey Bay,1,1,3,10,5,0,0,10,5,0,0
10/5/2019 10:56,R_8pNAlaqjU06PICx,1,2, , ,24,1,2,95062,950,55000, , ,25,95,15,1,1,Santa Cruz County,Monterey Bay,1,1,3,30,40,1,1,30,40,1,1
6/15/2019 11:05,R_8r0SocdBH8Vg7ON,3,2, , ,42,3,1,95136,951,55000, , ,5,45,0,4,2,Santa Clara County,East SF Bay,1,1,2,40,50,1,0,40,50,1,0
9/7/2019 11:42,R_8ztqgtoijcAzRFJ,3,3, , ,31,2,2,95003,950,125000, , ,25,5,5,4,2,Santa Cruz County,Monterey Bay,1,2, ,40,30,0,1,40,30,0,1
6/29/2019 11:34,R_96UwCxXzfaa50Qe,3,2, , ,47,3,2,95003,950,65000, , ,15,0,45,4,2,Santa Cruz County,Monterey Bay,1,1,1,20,10,0,1,20,10,0,1
8/11/2019 13:44,R_9LomnBfPtDRXAis,3,2,12, ,77,6,1,95076,950,35000, , ,5,5,5,4,2,Monterey County,Monterey Bay,1,2, ,10,20,1,0,10,20,1,0
6/15/2019 11:49,R_9MATLynVdVaiGKg,3, ,11, ,75,6,1,93950,939, , , ,5,5,5,4,2,Monterey County,Monterey Bay,1,2, ,10,20,1,0,10,20,1,0
6/7/2019 12:04,R_9muW91DEiLrsHfD,3,1,10, ,73,6,1,95062,950,55000, , ,5,5,5,4,2,Santa Cruz County,Monterey Bay,1,1,3,20,30,1,0,20,30,1,0
5/16/2019 14:38,R_9ucUhFn7KtG8GwV,3,3,5, , , ,1,1,1,200000, , ,75,75,65,4,2, , ,1,1,2,30,40,1,1,30,40,1,1
7/26/2019 11:34,R_9XHvFKHpC47fc5e,3,4,1, ,59,4,1,95062,950,200000, , ,45,85,5,4,2,Santa Cruz County,Monterey Bay,1,1,3,30,40,1,1,30,40,1,1
8/25/2019 13:02,R_9ZiQMAekLx99Hj1,2,4,1, ,42,3,1,95051,950,200000, , ,110,110,45,1,1,Santa Clara County,East SF Bay,1,1,3,20,30,1,0,20,30,1,0
6/11/2019 10:36,R_a84gI1I7NQHON2d,2,6,1, ,52,4,1,95120,951,200000, , ,110,95,5,1,1,Santa Clara County,East SF Bay,1,1,3,30,40,1,1,30,40,1,0
7/29/2019 11:14,R_aBCi7bjyZjnNOsT,1,2,12, ,66,5,2,95073,950,125000, , ,25,35,15,3,1,Santa Cruz County,Monterey Bay,1,1,3,20,10,0,1,20,10,0,1
7/31/2019 11:07,R_aCpkpdoXJi1trX7,1,1,20, ,43,3,1,93933,939,125000, , ,0,25,35,3,1,Monterey County,Monterey Bay,1,1,3,30,40,1,0,30,40,1,0
6/18/2019 10:44,R_aESnPHdbF245aqK,1,8, , ,27,1,2,93940,939,7000, , ,150,0, ,1,1,Monterey County,Monterey Bay,1,1,3,10,20,1,0,10,20,1,0
7/7/2019 12:35,R_aOUORe5BnsMU9xE,3,6,2, ,58,4,1, , ,200000, , ,5,5,5,4,2, , ,1,2, ,10,20,1,0,10,20,1,0
9/8/2019 14:13,R_aPmrXZqumRMySCh,3,4, , ,42,3,1,94070,940,95000, , ,75,65,75,4,2,San Mateo County,West SF Bay,1,2, ,40,30,0,0,40,30,0,0
6/25/2019 13:45,R_aPzJ90oirS7nexl,1,10, , ,56,4,2,95023,950, , , ,0,0,0,1,1,San Benito County,Monterey Bay,1,2, ,30,20,0,0,30,20,0,0
7/7/2019 13:42,R_aqEutn1X1mf6fwZ,3,4,1, , , ,1, , ,95000, , ,45,25,25,4,2, , ,1,2, ,10,5,0,1,10,5,0,0
9/8/2019 12:47,R_b0fXX3AyEJ1lIM3,1,3,0, ,49,3,2,94024,940,200000, , ,25,15,5,1,1,Santa Clara County,East SF Bay,1,1,3,40,30,0,0,40,50,1,0
6/15/2019 11:39,R_b3COpUBtCMooxmz,3,1,11, ,66,5,2,95003,950,45000, , ,15,15,5,4,2,Santa Cruz County,Monterey Bay,1,2, ,30,20,0,0, , , , 
6/15/2019 14:15,R_b3ipyvpz9mBNWxP,1,4,1, ,46,3,2,95050,950,200000, ,170, , ,275,1,1,Santa Clara County,East SF Bay,2,1,3,20,30,1,0,20,30,1,0
7/14/2019 15:45,R_b5XE7RHj4LWqALO,3,2,11, ,68,5,1,93907,939,200000, , ,5,5,25,4,2,Monterey County,Monterey Bay,1,2, ,20,10,0,0,20,10,0,0
6/28/2019 14:34,R_bCAjBo7H2QXwsRP,3,2, , ,36,2,1,80466,804,25000, , ,65,15,45,4,2,Boulder County,Outside California,1,2, ,10,20,1,0,10,20,1,0
7/7/2019 12:44,R_beNqjHtKjrX7ate,3,2,1, ,39,2,2,93940,939,65000, ,15, , ,15,4,2,Monterey County,Monterey Bay,2,1,3,10,20,1,0,10,20,1,0
6/25/2019 15:52,R_bFqlps2q5LDMDo1,2,2,3, ,45,3,1,93940,939,85000, , ,25,25,25,3,1,Monterey County,Monterey Bay,1,1,3,30,20,0,0,30,40,1,0
7/1/2019 10:26,R_bL54YmALW4DBJZh,1,2,2, ,50,4,1,93921,939,200000, , ,5,25,110,1,1,Monterey County,Monterey Bay,1,1,3,10,20,1,1,10,20,1,1
7/7/2019 12:50,R_bUKnKsuEhxCP7Rg,3,5,5, ,34,2,1,93940,939,200000, , ,110,5,5,4,2,Monterey County,Monterey Bay,1,2, ,20,10,0,1,20,10,0,1
7/21/2019 12:15,R_bunM9BnUa9rujZX,3,2, , ,40,3,2,93940,939,55000, , ,15,55,45,4,2,Monterey County,Monterey Bay,1,2, ,20,30,1,1,20,30,1,1
6/30/2019 15:26,R_bvdywHKhfWCN2Um,3,2, , ,51,4,2,93940,939,200000, , , ,5,5,4,2,Monterey County,Monterey Bay,1,2, ,10,5,0,1,10,5,0,1
7/31/2019 9:54,R_bWo1DyuQfFGHio5,1,4,4, ,51,4,1,90034,900,55000, ,75, , ,110,3,1,Los Angeles County,Southern California,2,1,3,20,30,1,0,20,30,1,0
9/6/2019 14:26,R_c5oT1RyZdqXvW2L,2,2,3, ,45,3,1,93706,937,200000, , ,25,5,5,3,1,Fresno County,Northern California,1,1,3,30,20,0,0,30,40,1,1
6/23/2019 14:04,R_c7OgLFis89fI50b,1,1,3, ,30,2,2,95076,950,25000, , ,55,200,85,1,1,Monterey County,Monterey Bay,1,2, ,30,40,1,0,30,40,1,0
6/14/2019 13:18,R_cc7LGsXd4VjyMV1,2,2,3, ,34,2,1,93940,939,200000, , ,5,65,75,1,1,Monterey County,Monterey Bay,1,1,3,30,40,1,1,30,40,1,1
10/5/2019 11:24,R_cIdTnFJ9ZxvxH9u,1,4,2, ,62,5,2,93908,939, , , ,85,130, ,1,1,Monterey County,Monterey Bay,1,1,3,20,10,0,0,20,10,0,0
7/18/2019 14:42,R_cpfqta2YeDSSiSQ,3,3,1, ,66,5,1,1776,17,200000, , ,0,0,0,4,2,Middlesex County,Outside California,1,2, ,20,30,1,0,20,10,0,1
9/4/2019 19:53,R_cQJ6wJNOMagIieF,2,2, , ,59,4,2,94171,941,200000, , ,5,5,5,3,1, ,West SF Bay,1,1,3,20,30,1,1,20,30,1,1
8/4/2019 13:51,R_crMvrx7T9ojf6z2,3,4,3, , , ,1, , ,95000, , ,35,15,0,4,2, , ,1,2, ,30,20,0,1,30,40,1,0
8/24/2019 12:36,R_cRSVaCjElNfZ6yL,3,2,10, ,25,1,1,93940,939,55000, , ,25,25,15,4,2,Monterey County,Monterey Bay,1,2, ,20,30,1,1,20, ,1, 
7/28/2019 14:16,R_cWb2mGLqmGvUk9E,3,3,1, ,39,2,1,95019,950,55000, , ,5,15,15,4,2,Santa Cruz County,Monterey Bay,1,2, ,20,10,0,1,20,10,0,0
7/14/2019 15:33,R_cxLmZgsr6MKY8hW,3,6, , ,58,4,2,95076,950,125000, , ,45,75,110,4,2,Monterey County,Monterey Bay,1,2, ,20,10,0,1,20,10,0,1
6/29/2019 11:38,R_cy4iu9DHcrEi9sL,3,3, , , , ,2, , ,7000, , ,0,5,0,4,2, , ,1,1,1,30,20,0,1,30,40,1,0
6/6/2019 13:14,R_cywdsoIICvF99tM,9,2, , ,32,2,2,93940,939,7000, , ,0,5, ,5,3,Monterey County,Monterey Bay,1,1,1,40,50,1,0,40,30,0,0
6/12/2019 11:32,R_d4sNGgyMkWtXFpY,2,10, , , , ,1, , ,75000, ,200, , ,230,3,1, , ,2,1,3,40,50,1,1,40, ,1, 
7/27/2019 10:34,R_d5eyyuD5qp4pIxG,3,2,10, ,69,5,1,95012,950,95000, , ,110,110,95,4,2,Monterey County,Monterey Bay,1,1,2,20,30,1,1,20,30,1,1
6/24/2019 11:28,R_dBqTInrPmMPQRC7,1,10,4, ,54,4,1,95060,950,125000, , ,15,5,0,1,1,Santa Cruz County,Monterey Bay,1,1,3,10,20,1,1,10,20,1,1
7/26/2019 10:59,R_dbzWg0P8ioIK46b,3,2,1, ,23,1,2,95003,950,95000, , ,35,5,5,4,2,Santa Cruz County,Monterey Bay,1,2, ,10,20,1,0,10,5,0,0
8/20/2019 11:36,R_dd0uA8lbxrb2msP,2,2,4, ,31,2,2,,,85000, , ,55,25,15,2,1, , ,1,1,2,20,30,1,0,20,30,1,0
8/11/2019 13:39,R_dIxWwCbM0IwHMrY,3,3,4, ,64,5,2,93950,939,15000, , ,5,15,15,4,2,Monterey County,Monterey Bay,1,2, ,20,10,0,0,20,10,0,0
7/15/2019 12:38,R_dNnxQKxUp27l5aX,1,4,4, ,59,4,1,95010,950,200000, , ,0,25,35,3,1,Santa Cruz County,Monterey Bay,1,1,3,40,50,1,0,40,50,1,0
6/25/2019 13:27,R_dnx8Juq2Chydzp1,1,4, , , , , , , , , , ,15,25,5,3,1, , ,1,1,3,30,40,1,0,30,40,1,1
7/14/2019 15:54,R_doIXHCoXlMyfwZS,3, ,1, ,50,4,2,95018,950,95000, , ,45,0,0,4,2,Santa Cruz County,Monterey Bay,1,2, ,20,10,0,1,20,10,0,1
8/5/2019 12:45,R_drJLxG04cxkWtjo,1,2,15, ,54,4,2,94542,945,200000, , ,65,45,95,1,1,Alameda County,East SF Bay,1,1,3,30,40,1,0,30,40,1,0
9/7/2019 12:27,R_dw6EaVud25VNrPP,3,5,1, ,34,2,2,93953,939, , , ,5,5,5,4,2,Monterey County,Monterey Bay,1,1,3,40,30,0,1,40,50,1,0
6/4/2019 12:41,R_dZswvjuhvZ6nubQ,2,1,11, ,57,4,1, , ,55000, , , , ,0,3,1, , , ,1,3,30,40,1,1,30,40,1,0
10/5/2019 12:06,R_e1rtdZ4Vr0Zcdza,1,4,3, ,57,4,2,95051,950,200000, ,275, , ,130,1,1,Santa Clara County,East SF Bay,2,1,3,40,50,1,0,40,50,1,0
9/8/2019 13:51,R_eAdaRGW2nNBo14s,3,2,2, , , ,2,93908,939,200000, , ,45,5,5,4,2,Monterey County,Monterey Bay,1,2, ,30,20,0,0,30,20,0,0
7/17/2019 9:59,R_eB7gef5sxDKvn2p,3,2,6, ,49,3,2,95039,950,200000, , ,25,0,65,4,2,Monterey County,Monterey Bay,1,2, ,20,30,1,1,20,30,1,1
7/21/2019 11:37,R_em9NXEVBjVynhi9,3,3,5, , , , , , , , , ,25,110,110,4,2, , ,1,2, ,30,40,1,1,30,40,1,1
7/17/2019 11:26,R_eP2cdn6XgoKJDaK,1,2,4, ,43,3,1,95062,950,125000, , ,45,35,0,3,1,Santa Cruz County,Monterey Bay,1,1,3,40,50,1,0,40,50,1,0
6/15/2019 14:00,R_epaXNRXtKlA6jM7,1,5, , ,52,4,1,95007,950,125000, , ,65,110,5,1,1, ,Monterey Bay,1,1,3,40,30,0,1,40,30,0,1
7/26/2019 11:28,R_eTbUeEQLB5ZMrF3,3,2,5, ,47,3,2,93940,939,125000, , ,25,25,0,4,2,Monterey County,Monterey Bay,1,1,3,40,30,0,1,40,30,0,1
6/19/2019 12:59,R_eW4zFaHDGtM3TgY,2,2,1, ,83,6,2,95023,950,200000, , ,35,75, ,2,1,San Benito County,Monterey Bay,1,1,3,30,40,1,1,30,40,1,0
7/21/2019 14:06,R_ewhmPCzqSk3mZoY,2,2,1, ,26,1,2,95062,950,25000, , ,55,25,25,1,1,Santa Cruz County,Monterey Bay,1,1,3,30,20,0,1,30,20,0,1
6/1/2019 11:19,R_eYYwn6gthpGoUup,2,2,3, ,59,4,1,93950,939,65000, , ,25,5,5,1,1,Monterey County,Monterey Bay,1,1,3,10,20,1,0,10,20,1,1
7/7/2019 12:59,R_eZi5Y0ymjcVDVaP,3,4, , ,69,5,2,92106,921,125000, ,170, , ,55,4,2,San Diego County,Southern California,2,1,2,40,30,0,0,40,30,0,1
8/11/2019 15:39,R_f53NN5PfJOY2cGD,3,1,25, ,69,5,2,95012,950,25000, , ,5,5,5,4,2,Monterey County,Monterey Bay,1,2, ,10,5,0,1,10,20,1,1
9/14/2019 11:25,R_f5fqJrqxYZTXLfH,9,2,1, ,59,4,2,94510,945,200000, , ,35,35,5,5,3,Solano County,East SF Bay,1,1,3,40,30,0,0,40,50,1,0
8/5/2019 13:40,R_f6lX6cMq3u8wIyJ,2,1,1, , , ,2, , , , , ,15,55,15,3,1, , ,1,2, ,20,10,0,0,20,10,0,0
7/22/2019 10:42,R_f6tU2yjGj6RBfRF,1,4,4, ,61,5,1,95038,950,200000, , ,45,65,130,1,1,Santa Clara County,East SF Bay,1,1,3,20,30,1,1,20,30,1,1
10/6/2019 11:59,R_feGm6wXydBYUf9r,1,9,1, ,23,1,2,95037,950,25000, , ,5,15,15,1,1,Santa Clara County,East SF Bay,1,1,3,10,5,0,1,10,20,1,0
5/28/2019 11:14,R_fFzsnjf5FaXoE9i,2,4,3, ,60,5,2,95076,950,200000, , ,45,5,15,3,1,Monterey County,Monterey Bay,1,1,3,30,40,1,0,30,20,0,1
8/8/2019 13:49,R_fhJ5QkOzXm2JIQT,3,1,2, ,41,3,1, , ,85000, , ,0,0,0,4,2, , ,1,1,2,30,20,0,0,30,20,0,0
6/15/2019 13:46,R_fkWNBLX1NMVZGmz,1,4,4, ,41,3,1,95076,950,200000, , ,15,15,5,1,1,Monterey County,Monterey Bay,1,1,3,20,30,1,0,20,10,0,0
7/3/2019 12:08,R_fSbUqxU0Y4uTX4e,1,4,2, ,33,2,2,95062,950,200000, , ,150,200,230,1,1,Santa Cruz County,Monterey Bay,1,1,3,40,30,0,1,40,30,0,1
9/29/2019 13:31,R_fUV3YqAhUvKjIGV,1,4,1, ,53,4,2,94070,940,200000, , ,45,95, ,1,1,San Mateo County,West SF Bay,1,1,3,40,30,0,0,40,30,0,0
8/11/2019 13:00,R_fyYfPPeCndpq15i,3,2,3, , , ,2,94611,946,200000, , ,5,5,5,4,2,Alameda County,East SF Bay,1,2, ,20,30,1,1,20,30,1,1
6/19/2019 12:20,R_g1WY1GHF2KZgFtO,1,6,1, ,47,3,1,95822,958,200000, , ,200,110,275,1,1,Sacramento County,Northern California,1,1,3,40,30,0,0,40,30,0,0
6/19/2019 12:53,R_g5f9V00YDjJDioL,2,2,3, ,30,2,2,94587,945,85000, , ,55,35,35,1,1,Alameda County,East SF Bay,1,1,3,20,30,1,1,20,30,1,1
8/4/2019 15:02,R_gbeWPxXfYFTElaE,3,4, , , , ,1,93955,939,75000, , ,35,0,0,4,2,Monterey County,Monterey Bay,1,2, ,20,10,0,0,20,10,0,0
6/24/2019 16:41,R_gE2SPIgiqOzvSUn,1,4, , ,53,4,1,93921,939,85000, , ,45,45,35,1,1,Monterey County,Monterey Bay,1,1,3,40,50,1,0,40,30,0,0
7/3/2019 11:47,R_gfb7maM47HCXPju,1,6,3, ,54,4,2,94588,945, , , ,200,0,170,1,1,Alameda County,East SF Bay,1,1,3,40,30,0,1,40,30,0,1
6/24/2019 11:42,R_ggNVGV1rSzUYtty,1,50, , ,45,3,1,94546,945,200000, , ,5,25,25,1,1,Alameda County,East SF Bay,1,1,3,10,20,1,1,10,20,1,1
6/13/2019 14:42,R_gh7kNEpmQimfjsN,1,3,4, ,28,1,2,93940,939,7000, , ,85,170, ,1,1,Monterey County,Monterey Bay,1,1,3,40,30,0,0,40,30,0,0
6/20/2019 11:51,R_gJ2UlploGkyGOPx,2,1,200, ,25,1,2,93907,939,25000, ,15, , ,0,1,1,Monterey County,Monterey Bay,2,1,3,20,10,0,1,20,30,1,0
8/22/2019 13:02,R_gkYE2EzZjrdJ1Wc,2,2, , ,30,2,2,66534,665,95000, , ,45,110,85,1,1,Brown County,Outside California,1,1,3,20,30,1,0,20,30,1,0
7/21/2019 12:29,R_gMk5PEIXzaorBba,3,1,11, , , ,2, , , , , ,5,5,5,4,2, , ,1,2, , , , , ,40, ,1, 
6/7/2019 11:21,R_gsXPObGhy4FfcBB,3,1,150, , , ,2,93950,939,125000, , ,0,35,0,4,2,Monterey County,Monterey Bay,1,2, ,20,30,1,1,20,30,1,1
6/19/2019 12:20,R_h2Gxn8V3EB86cvj,2,1,2, ,72,6,1,83353,833,200000, ,35, , ,85,1,1,Blaine County,Outside California,2,1,3,30,20,0,0,30,20,0,0
6/10/2019 13:57,R_h6rcfZxpX0jnPBl,2,4,20, ,72,6,2,4611,461,95000, , ,55,150, ,2,1, ,Outside California,1,1,3,30,40,1,1,30,40,1,1
7/28/2019 12:56,R_hBqSPwpDkufoq5r,2,5,1, ,57,4,2,94306,943,200000, , ,25,35,35,1,1,Santa Clara County,East SF Bay,1,1,3,30,40,1,0,30,20,0,0
6/12/2019 10:54,R_hk1zlnL4Px9ww6h,2,3,10, ,36,2,2,95062,950,55000, , ,65,5,5,1,1,Santa Cruz County,Monterey Bay,1,1,3,30,40,1,1,30,40,1,1
5/28/2019 12:02,R_hrWsXktik65i8bG,2,4,2, ,40,3,1,93950,939,200000, , ,55,15,5,3,1,Monterey County,Monterey Bay,1,1,3,20,30,1,1,20,30,1,1
7/23/2019 10:52,R_hS2qPKXWMREREDu,1,4,6, ,48,3,1,93940,939,85000, , ,65,0,0,3,1,Monterey County,Monterey Bay,1,1,3,10,20,1,1,10,20,1,1
6/1/2019 11:19,R_hsQDyttkEyk5qb8,1,5,10, ,42,3,2,93907,939,125000, , ,130,130,5,1,1,Monterey County,Monterey Bay,1,1,3,40,30,0,0,40,30,0,0
7/28/2019 13:02,R_hTdMKFeBQF6RrjO,2,2,3, ,31,2,2,93950,939,35000, , ,45,25,5,3,1,Monterey County,Monterey Bay,1,1,3,40,50,1,0,40,50,1,0
6/7/2019 10:48,R_hYcrZCfvFMrgQrs,3,1,50, ,56,4,1,95039,950,7000, , ,0,0, ,4,2,Monterey County,Monterey Bay,1,2, ,20,10,0,0,20,10,0,0
6/15/2019 14:21,R_hZVWQ4XPINQc1Er,1,4,2, ,18,1,2,95050,950,125000, , ,110,200,45,1,1,Santa Clara County,East SF Bay,1,1,3,10,20,1,1,10,20,1,1
6/14/2019 11:58,R_i0pM0umBcP9zmi5,2,2,2, ,69,5,2,93940,939,125000, , ,45,85,75,1,1, ,Monterey Bay,1,1,3,40,50,1,1,40,50,1,0
6/30/2019 15:12,R_i5Er9CIjOpr0Cwb,3,2, , ,26,1,2,95010,950,55000, , ,45,5,5,4,2,Santa Cruz County,Monterey Bay,1,2, ,30,20,0,0,30,20,0,0
9/29/2019 12:20,R_iaNCYNVUxT99Unl,1,4,1, ,66,5,2,75205,752, , , ,130,230, ,1,1,Dallas County,Outside California,1,1,3,20,30,1,0,20,30,1,0
10/6/2019 13:58,R_iEnXsPJNnm12kgI,2,15,1, ,80,6,2,95823,958, , ,5, , ,45,2,1,Sacramento County,Northern California,2,1,3,30,40,1,0,30,20,0,1
7/19/2019 10:52,R_isfpbko6rFU0Xko,3,1,7, ,59,4,2,93943,939,85000, , ,0,15,15,4,2,Monterey County,Monterey Bay,1,2, ,20,30,1,1,20,30,1,1
10/6/2019 12:58,R_iWoLcKcvPiTnaSm,1,2, , ,27,1,2,93955,939,45000, , ,35,75, ,1,1,Monterey County,Monterey Bay,1,1,3,30,20,0,1,30,20,0,1
9/6/2019 14:34,R_iXBHHdyD8mHpGWv,2,2, , ,49,3,1,93452,934,125000, , ,5,5,5,3,1,San Luis Obispo County,Southern California,1,1,3,10,20,1,1,10,20,1,1
9/2/2019 11:14,R_j8Pqcjg0Da6rXxH,3,2,4, ,62,5,2,93950,939,125000, , ,5,5,5,4,2,Monterey County,Monterey Bay,1,1,1,40,50,1,1,40,50,1,1
6/15/2019 14:06,R_jayZPwPAjtNS7fY,1,3, , ,56,4,2,94558,945, , , ,45,130,110,1,1,Napa County,East SF Bay,1,2, ,40,30,0,0,40,30,0,0
7/31/2019 10:18,R_jCX8QIzEdEEDILt,1,2,6, ,29,1,1,93940,939,75000, , ,35,0,0,3,1,Monterey County,Monterey Bay,1,1,3,20,30,1,1,20,30,1,1
7/21/2019 14:54,R_jdjlZu8wh42ceow,2,3,0, ,49,3,2,94702,947,200000, , ,150,45,150,1,1,Alameda County,East SF Bay,1,1,3,40,50,1,0,40,30,0,1
6/26/2019 11:32,R_jGVdHnLjrXZlTbh,3,1,10, ,32,2,2,93923,939,15000, , ,5,5,5,4,2,Monterey County,Monterey Bay,1,1,1,40,50,1,0,40,50,1,0
8/20/2019 11:39,R_jhJfHHpwpu9kE92,2,4,1, ,44,3,1,93410,934,125000, , ,75,25,25,2,1,San Luis Obispo County,Southern California,1,1,2,10,20,1,1,10,20,1,1
7/27/2019 10:34,R_jpjVStPaghqJWJs,3,2,10, ,69,5,1,95012,950,95000, , ,110,110,95,4,2,Monterey County,Monterey Bay,1,1,2,20,30,1,1,20,30,1,1
7/21/2019 12:42,R_juNeVvPdSbP3rQr,3,7, , , , ,1,95117,951,200000, ,275, , ,275,4,2,Santa Clara County,East SF Bay,2,1,3,10,5,0,0,10,5,0,0
7/17/2019 10:26,R_jUOIb4Sczn7SsRH,3,1,4, ,59,4,1, , ,200000, , ,0,0,35,4,2, , ,1,2, ,10,20,1,1,10,20,1,1
9/21/2019 11:00,R_jVLxwDlJiJ2rEy0,1,7, , ,41,3,2,95348,953,125000, , ,170,275, ,1,1,Merced County,Northern California,1,1,3,10,20,1,1,10,20,1,1
6/10/2019 13:43,R_jwSprNW4V1i0Hvl,1,4, , ,66,5,1,95118,951,200000, , ,45,0,0,1,1,Santa Clara County,East SF Bay,1,1,3,10,20,1,0,10,20,1,0
9/4/2019 19:06,R_k1xBBOsMw4cPAHY,2,2,1, ,31,2,1,95008,950,75000, , ,35,5,35,3,1,Santa Clara County,East SF Bay,1,1,3,10,20,1,1,10,20,1,1
6/19/2019 15:29,R_k6Kxbv24c2GzQGW,2,2, , ,38,2,2,95642,956,125000, , ,35,5,5,2,1,Amador County,Northern California,1,1,3,10,20,1,0,10,5,0,1
9/14/2019 11:30,R_kdHBrf4KE1SYwzZ,1,5, , ,38,2,2,93950,939,200000, , ,0,0,0,1,1,Monterey County,Monterey Bay,1,1,3,20,30,1,0,20,30,1,0
8/31/2019 12:26,R_kEbCpV1fw03z6vT,1,5, , ,37,2,2,95125,951,125000, , ,55,5,5,1,1,Santa Clara County,East SF Bay,1,1,3,20,10,0,1,20,30,1,1
6/15/2019 11:17,R_kJyrSeUEn1J56ds,3,2, , ,30,2,2,93906,939,55000, , ,0,0,5,4,2,Monterey County,Monterey Bay,1,2, ,40,50,1,0,40,50,1,1
7/7/2019 12:54,R_kOp8US8tP2w4cos,3,8,1, ,47,3,1,94121,941,200000, , ,5,5,5,4,2,San Francisco County,West SF Bay,1,1,1,30,20,0,1,30,20,0,0
8/11/2019 13:18,R_kSmBkgODMJnfVqz,3,2,3, , , ,1, , ,200000, , ,5,5,5,4,2, , ,1,2, ,40,50,1,1,40,50,1,1
6/21/2019 14:14,R_kVlhZHstjhd1MYa, ,2, , ,22,1,2,95453,954,7000, , ,5,25,5, , ,Lake County,Northern California,1,2, ,10,20,1,0,10,5,0,1
6/7/2019 11:36,R_l2D3bZs32J6TaFK,3,2,8, ,71,6,1,95023,950,55000, , ,25,5,5,4,2,San Benito County,Monterey Bay,1,2, ,20,10,0,1,20,10,0,1
7/22/2019 11:27,R_l6gUZpM33BYZly1,1,6,3, ,43,3,1,93923,939,200000, , ,65,5,130,1,1,Monterey County,Monterey Bay,1,1,3,30,40,1,0,30,40,1,1
9/14/2019 14:17,R_l7MRkYK385hd4Gv,1,2,2, ,31,2,1,94588,945,55000, , ,35,45,45,1,1,Alameda County,East SF Bay,1,1,3,10,20,1,0,10,20,1,0
6/15/2019 11:46,R_l8hBlqlByj1m7cg,3,10,11, , , ,2, , , , , ,5,5,5,4,2, , ,1,1,2, , , , , , , , 
9/22/2019 10:56,R_lJ0aciKyVB5vAT7,1,1,4, ,61,5,2,95060,950,125000, , ,45,5,55,1,1,Santa Cruz County,Monterey Bay,1,1,2,30,20,0,0,30,40,1,0
9/22/2019 12:21,R_ljMZr8Av5DeeOo1,2,4, , ,29,1,2,68038,680,125000, , ,55,55,5,1,1,Burt County,Outside California,1,1,3,30,40,1,0,30,40,1,0
6/19/2019 12:36,R_lLkems6nu6477v7,2,1,11, ,37,2,2,95012,950,75000, ,15, , ,0,3,1,Monterey County,Monterey Bay,2,1,3,10,5,0,0,10,5,0,0
7/28/2019 14:24,R_m0Y8zsOn6o7ftah,3, , , ,56,4,1,94109,941,125000, ,55, , ,45,4,2,San Francisco County,West SF Bay,2,2, ,10,20,1,0,10,20,1,0
8/8/2019 14:53,R_m24i3g01H004nog,3,3,2, ,58,4,1, , , , , ,25,35,25,4,2, , ,1,2, ,10,5,0,0,10,5,0,0
6/5/2019 10:28,R_m9cBsExsfPfkA3x,1,2,2, ,69,5,2,95062,950,55000, ,150, , ,0,1,1,Santa Cruz County,Monterey Bay,2,1,2,30,40,1,0,30,40,1,0
6/8/2019 13:02,R_maiLZHQjU61jggw,2,2, , ,29,1,2,94070,940,200000, , ,65,65,65,3,1,San Mateo County,West SF Bay,1,1,3,40,50,1,1,40,50,1,1
6/19/2019 11:40,R_mGBBhLI2PdS36ae,1,13,4, ,26,1,2,93933,939,25000, , ,25,5,85,1,1,Monterey County,Monterey Bay,1,1,3,30,40,1,1,30,40,1,1
7/7/2019 12:39,R_mlhAkHwQoUr3x7p,2,2,4, , , ,1,93940,939,85000, , ,25,45,35,3,1,Monterey County,Monterey Bay,1,1,3,40,50,1,1,40,30,0,0
10/6/2019 12:49,R_mnnWuTQuGbjwdn4,1,5, , ,39,2,2,95121,951,85000, , ,95,150, ,1,1,Santa Clara County,East SF Bay,1,1,3,10,20,1,1,10,20,1,1
7/16/2019 10:38,R_mNuDzFWCL9s5KrR,1,1,2, ,32,2,1,93950,939,15000, , ,0,25,0,3,1,Monterey County,Monterey Bay,1,1,3,10,20,1,0,10,20,1,0
9/8/2019 12:15,R_mSlZerp2pjSbN5A,2, ,10, ,39,2,2,94577,945,200000, , ,275,275,275,3,1,Alameda County,East SF Bay,1,1,3,20,30,1,0,20, ,1, 
6/27/2019 14:03,R_mTOspdFLGQrQdJp,3,1, , ,42,3,2,84103,841,65000, , ,25,25,25,4,2,Salt Lake County,Outside California,1,2, ,40,30,0,0,40,30,0,0
7/21/2019 15:14,R_mWSnxPT8TQ9roAx,2,2, , , , ,2, , ,55000, , ,45,5,0,1,1, , ,1,1,3,20,10,0,0,20,10,0,1
9/7/2019 13:41,R_nC1zxgtutZBKw0O,1,3,1, ,19,1,1,95008,950,200000, , ,85,5,5,1,1,Santa Clara County,East SF Bay,1,1,3,10,20,1,1,10,20,1,0
7/8/2019 13:09,R_ngRXQtUKof2j3Rw,1,2, , ,55,4,2,95119,951,200000, , ,110,75,230,1,1,Santa Clara County,East SF Bay,1,1,3,40,50,1,1,40,50,1,0
9/8/2019 12:48,R_nhcyzy2PBrVcUNk,2,3, , ,51,4,1,94539,945, , , ,65,75,75,3,1,Alameda County,East SF Bay,1,1,3,20,30,1,1,20,30,1,1
5/14/2019 16:16,R_nK1KTLyEWiLZTiz,1,5,5, ,51,4,1,90034,900,85000, , ,5,5,45,1,1,Los Angeles County,Southern California,1,1,1,20,30,1,1,20,30,1,1
6/12/2019 11:08,R_nOcnmy8XVH7dBde,3,1,200, ,23,1,1,95076,950,7000, , ,15,0, ,4,2,Monterey County,Monterey Bay,1,2, ,10,20,1,1,10,20,1,0
7/21/2019 15:53,R_nrBBYaiYHfUkQMP,2,2,16, ,62,5,2,95060,950,45000, , ,5,5,5,1,1,Santa Cruz County,Monterey Bay,1,1,3,40,30,0,0,40,30,0,0
8/11/2019 15:13,R_nuisER863QNtZZ2,3,5, , , , ,1, , ,125000, , ,55,55,45,4,2, , ,1,2, ,40,30,0,0,40,30,0,0
5/29/2019 11:48,R_o2qbGSXdk8ESI1t,3,1, , ,66,5,2,95019,950,75000, , ,15,5,5,4,2,Santa Cruz County,Monterey Bay,1,2, ,20,10,0,1,20,10,0,1
7/25/2019 11:34,R_o33aijorB6UZ0en,1,3, , ,65,5,1,95124,951,200000, , ,110,45,150,1,1,Santa Clara County,East SF Bay,1,1,3,10,20,1,0,10,20,1,0
6/19/2019 15:15,R_ogypCSaDiZrqux9,2,2,1, ,53,4,2, , ,125000, , ,45,5,5,2,1, , ,1,1,3,30,40,1,0,30,40,1,0
6/19/2019 12:53,R_oieNkeNggP7z0K6,1,2, , ,30,2,2,95112,951,55000, , ,55,5,35,3,1,Santa Clara County,East SF Bay,1,1,3,10,20,1,1,10,20,1,1
6/8/2019 12:55,R_oMv76a7XdhlAmIJ,2,2, , ,31,2,1,94070,940,200000, , ,65,65,65,3,1,San Mateo County,West SF Bay,1,1,3,10,20,1,0,10,20,1,0
8/6/2019 11:29,R_ooDy6fjIoGm6Dmj,1,2,2, ,62,5,2,93921,939,125000, , ,45,65,65,3,1,Monterey County,Monterey Bay,1,1,3,10,20,1,1,10,20,1,1
7/19/2019 15:02,R_oPkzavHk8OxNlXI,2, ,1, ,63,5,1,95357,953,85000, , ,5,55,45,2,1,Stanislaus County,Northern California,1,1,1,20,30,1,1,20, ,1, 
9/7/2019 13:05,R_oPUf8jEUxFd14iH,1,2, , ,37,2,2,94574,945,125000, , ,55,110,110,1,1,Napa County,East SF Bay,1,1,3,30,40,1,1,30,20,0,1
8/8/2019 15:08,R_orpbuQF2KeJBco7,3,5,2, ,34,2,1,95060,950,125000, , ,25,25,45,4,2,Santa Cruz County,Monterey Bay,1,1,2,10,20,1,0,10,20,1,1
7/21/2019 15:17,R_oxEw8doy0N23O4A,2,6, , ,33,2,2,95126,951,85000, , ,25,65,65,1,1,Santa Clara County,East SF Bay,1,1,3,40,50,1,1,40,50,1,1
8/31/2019 12:07,R_0PDk7cISlnhTFn6,1,3,1,3,48,3,1,Outside US,Out,200000,130,200, , ,230,1,1, ,Outside California,2,1,3,30,40,1,0,30,40,1,0
7/27/2019 13:18,R_0U9qoDJcohGrVhU,3, , ,9,62,5,2,95831,958,125000,150,110, , ,45,4,2,Sacramento County,Northern California,2,2, ,40,50,1,0,40,50,1,0
9/29/2019 12:30,R_0ylvEJmk1Pn3hGG,1,3,1,6,57,4,2,94087,940,125000, , ,130,150, ,1,1,Santa Clara County,East SF Bay,1,1,3,40,30,0,0,40,30,0,0
9/29/2019 11:29,R_0ZEtQDCWmtXojPI,1,2, ,9,47,3,2,94610,946,85000, ,110, , ,95,1,1,Alameda County,East SF Bay,2,1,3,30,40,1,0,30,40,1,0
8/2/2019 10:51,R_14gDPk3w9AeS4aD,1,2, ,14,52,4,2, , , , , ,55,0,65,1,1, , ,1,1,3,10,5,0,1,10,5,0,1
9/4/2019 18:41,R_1CHiW9qzVXwIbeh,2,5, ,3,45,3,1,Outside US,Out, ,150,110, , , ,3,1, ,Outside California,2,1,3,30,40,1,1,30,40,1,1
7/12/2019 13:56,R_1GbicwF9jurh0Am,3,2, ,3,76,6,1,91773,917, , , ,25,25,5,4,2,Los Angeles County,Southern California,1,2, ,20,10,0,0,20,10,0,0
6/18/2019 11:41,R_1jBvVeoNQEmsyle,1,4, ,7,34,2,1,Outside US,Out,200000, , ,150,5,5,1,1, ,Outside California,1,1,3,30,40,1,0,30,40,1,0
7/27/2019 11:43,R_1MQqIhCy7Vh5fvK,3,2, ,8,53,4,2,25314,253,125000, , ,95,35,15,4,2,Kanawha County,Outside California,1,2, ,40,30,0,1,40,30,0,0
7/18/2019 15:21,R_1yIhX8Hi3K3OraO,3,1, ,3, , ,1,150,1,35000,55,55, , ,45,4,2, , ,2,2, ,20,30,1,0,20,30,1,0
6/26/2019 11:29,R_1zsR1g8xRqvxSNo,3,10,1,11,57,4,1,95023,950,125000, , ,0,0,0,4,2,San Benito County,Monterey Bay,1,2, ,10,5,0,1,10,5,0,1
7/3/2019 11:34,R_22xZrR7i5fNVoBP,2,3,1,8, , ,2,85713,857,55000, ,130, , ,15,1,1,Pima County,Outside California,2,1,3,10,20,1,1,10,20,1,1
7/23/2019 12:20,R_22Y40VR5SvpmgTY,1,5, ,3,69,5,1,Outside US,Out,200000,200,200, , ,275,1,1, ,Outside California,2,1,3,40,30,0,1,40,30,0,1
9/19/2019 14:19,R_246uGi4ekzeWU5G,2,2, ,3, , ,1,96712,967,85000,130,65, , ,75,1,1,Honolulu County,Outside California,2,1,3,20,30,1,1,20,30,1,1
7/23/2019 10:32,R_2IRag4s2N3mNbrG,1,6, ,3,59,4,2, , ,200000,275,230, , ,275,2,1, , ,2,1,3,20,30,1,1,20,30,1,1
6/21/2019 15:06,R_2mKEpHI0oUMW2Wn,2,5,0,2,79,6,2,95626,956,75000,400,200, , ,110,2,1,Placer County,Northern California,2,1,3,20,10,0,1,20,10,0,1
7/21/2019 13:21,R_2nNNQ9JLddGstgS,3,2, ,3,25,1,1,19958,199,35000, , ,5,45,5,4,2,Sussex County,Outside California,1,1,2,40,50,1,0,40,50,1,0
9/2/2019 11:01,R_2OXb0WVQXh5kMxa,3,4, ,7,46,3,1,Outside US,Out,200000,110,75, , ,65,4,2, ,Outside California,2,2, ,10,20,1,1,10,20,1,1
8/30/2019 14:11,R_34LAmXVy7kjyQAT,3,1, ,3,24,1,2,Outside US,Out,7000, ,15, , ,5,4,2, ,Outside California,2,2, ,10,20,1,0,10,20,1,0
7/29/2019 11:02,R_36npfaQBzQs6INe,2,2, ,7,70,6,1,84101,841,200000,150,75, , ,170,2,1,Salt Lake County,Outside California,2,1,3,20,30,1,1,20,30,1,1
9/4/2019 19:15,R_3cjggFxmoaXVpdU,2,4, ,2,37,2,2,98112,981,200000,130,110, , ,55,3,1,King County,Outside California,2,1,3,20,30,1,1,20,30,1,1
6/21/2019 14:26,R_3Dol2Jvq4oty7mb,3,4, ,3,63,5,2,19465,194,125000,400,75, , ,95,4,2,Chester County,Outside California,2,2, ,40,30,0,0,40,30,0,1
7/15/2019 10:20,R_3fkJOXVTgli9N31,1,3, ,3, , ,1, , , , , ,75,170,0,1,1, , ,1,1,2,10,20,1,0,10,20,1,0
7/18/2019 15:03,R_3gd7JDEE9DrUeUh,3,2, ,7,52,4,2, , ,125000, ,95, , ,200,4,2, , ,2,2, ,30,20,0,0,30,20,0,0
6/19/2019 13:38,R_3oYxYvrctLgbuQ3,3,5,0,6, , ,2, , , , , ,5, ,5,4,2, , ,1,2, ,10,20,1,0,10,5,0,0
6/30/2019 15:17,R_3PCgzsrztROjJyc,3,2, ,14,45,3,2,94618,946,125000,200,45, , ,275,4,2,Alameda County,East SF Bay,2,2, ,40,30,0,0,40,30,0,0
9/7/2019 13:30,R_46qHkbljML9byvq,1,3, ,8,53,4,2,95030,950,85000,325,130, , ,275,1,1,Santa Clara County,East SF Bay,2,1,3,40,30,0,0,40,30,0,0
8/20/2019 11:41,R_4c4xiTC0pU6oaaB,2,1, ,7,31,2,1,93906,939,95000,110,55, , ,25,2,1, ,Monterey Bay,2,2, ,40,30,0,0,40,30,0,0
8/12/2019 12:01,R_4Crw5hXFYHU0FlR,2,6, ,3,63,5,2,59717,597,200000,275,230, , ,200,2,1,Gallatin County,Outside California,2,1,3,10,20,1,1,10,20,1,1
6/12/2019 11:37,R_4EaEALooe24iElp,3,135, ,7,53,4,1,1775,17,125000,55,45, , ,0,4,2,Middlesex County,Outside California,2,2, ,40,50,1,1,40, ,1, 
7/21/2019 13:58,R_4FLDJPd8g9lFkX9,3,7, ,6,60,5,2,94605,946,200000,400,5, , ,5,4,2,Alameda County,East SF Bay,2,2, ,10,20,1,1,10,20,1,0
10/12/2019 12:32,R_4nhrIJTBZ14JCL4,1,3, ,3,34,2,1,27524,275,45000, ,95, , ,200,1,1,Johnston County,Outside California,2,1,3,20,30,1,0,20,30,1,0
9/7/2019 13:02,R_4pkRYrLa1yUwofv,3,2,5,6,79,6,2,93116,931,200000,230,45, , ,5,4,2,Santa Barbara County,Southern California,2,2, ,30,40,1,0,30,20,0,0
9/14/2019 12:49,R_4PuS5a4iMWYQl2U,1,1, ,4,35,2,2,94703,947,75000,55,35, , ,45,1,1,Alameda County,East SF Bay,2,1,3,20,30,1,0,20,30,1,0
7/19/2019 12:14,R_4rnG1FFJ6QPxGeR,3,2,3,8,70,6,1,94702,947,95000,130,45, , ,5,4,2,Alameda County,East SF Bay,2,2, , , , , ,20,30,1,1
7/2/2019 12:12,R_4vD415D1Pj0FpXt,1,2,10,3,25,1,1,68506,685,45000, , ,5,5,5,1,1,Lancaster County,Outside California,1,1,2,30,40,1,0,30,40,1,1
6/1/2019 11:52,R_57AU6YrZB9sPkz4,1,1,5,4, , ,1, , ,55000,5,15, , ,110,2,1, , ,2,1,1,30,20,0,0,30,20,0,0
6/1/2019 11:11,R_5AXk01s32LF4MGV,2,2,2,8,60,5,1,94803,948,125000,130,110, , ,5,1,1,Contra Costa County,East SF Bay,2,1,3,10,20,1,0,10,5,0,0
9/2/2019 13:21,R_5cavrRoFcHGhFoz,2,4, ,3,45,3,1,Outside US,Out,125000,110,95, , ,55,1,1, ,Outside California,2,1,3,20,10,0,1,20,30,1,0
6/19/2019 13:00,R_5FOulWLSVPVCjdG,1,25,2,9,42,3,1,95128,951, ,150,275, , ,275,1,1,Santa Clara County,East SF Bay,2,1,3,40,50,1,1,40,50,1,1
7/29/2019 11:02,R_5GdU9ZGSJs9Jjl9,2,2, ,7,70,6,1,84101,841,200000,150,75, , ,170,2,1,Salt Lake County,Outside California,2,1,3,20,30,1,1,20,30,1,1
7/31/2019 10:37,R_5gRkooBBosg3oHE,1,2, ,3,59,4,2,75032,750,200000,200,85, , ,110,3,1,Kaufman County,Outside California,2,1,3,10,20,1,1,10,20,1,1
7/29/2019 11:11,R_5IDp5rEGYezAKaU,1,6, ,6,59,4,1,22153,221,95000,200,200, , ,275,1,1,Fairfax County,Outside California,2,1,3,10,20,1,1,10,20,1,1
6/15/2019 13:28,R_5kpga98P6J9pKFC,3,2, ,9,35,2,1,21211,212,45000, ,55, , ,85,4,2,Baltimore city,Outside California,2,2, ,20,30,1,0,20,30,1,0
6/17/2019 12:34,R_5rxPW9CmL7qYDx4,1,2, ,3,37,2,1,95035,950,85000,400,110, , ,275,1,1,Alameda County,East SF Bay,2,1,3,40,50,1,1,40,50,1,1
8/25/2019 12:29,R_6azlto5Cm6Ag1Mr,3,3, ,2,58,4,2, , , , , , , , ,4,2, , ,2,2, ,10,20,1,1,10,5,0,0
6/25/2019 15:47,R_6CGONpI1wOWyHTZ,1,2, ,3,56,4,2,93844,938,65000,75,45, , ,35,3,1,Fresno County,Northern California,2,1,3,20,30,1,0,20,10,0,0
7/14/2019 15:15,R_6D5r2Qgt16mj126,3,2, ,5,65,5,2,93109,931,55000,75,55, , ,75,4,2,Santa Barbara County,Southern California,2,1,3,10,20,1,0,10,20,1,0
6/21/2019 14:45,R_6EfYOIUNp41RnZZ,3,4, ,3,58,4,2,53713,537,125000,275,95, , ,110,4,2,Dane County,Outside California,2,2, ,30,40,1,1,30,40,1,1
9/22/2019 12:06,R_6pJfdngipX0uZYO,1,5, ,14, , ,2,42234,422,55000, , ,55,110,45,1,1,Todd County,Outside California,1,1,3, , , , ,30,20,0,1
6/26/2019 15:56,R_6VRt0sm9pVoRWiB,2,2,11,4,53,4,1,95357,953,85000, , ,65,55,45,1,1,Stanislaus County,Northern California,1,1,3,30,20,0,0,30,20,0,0
9/15/2019 11:18,R_73sBpWAwOlkbINE,1,2, ,14,23,1,1,91765,917,35000, , ,35,55, ,1,1,Los Angeles County,Southern California,1,1,3,40,50,1,1,40,50,1,1
6/17/2019 13:20,R_7EVwYcTBmHkgAiV,1,3,1,15,50,4,1,55419,554,125000,400,110, , ,95,3,1,Hennepin County,Outside California,2,1,3,20,30,1,1,20,30,1,1
7/27/2019 12:19,R_7falm1UWZgMk0G2,3,5, ,3,51,4,2,55417,554,125000,130,55, , ,85,4,2,Hennepin County,Outside California,2,2, ,10,5,0,1,10,20,1,0
9/4/2019 18:59,R_7K2NTuoTPY5wY32,2,2, , ,28,1,2,97024,970,65000,95,55, , ,15,3,1,Multnomah County,Outside California,2,1,3,40,50,1,1,40,50,1,1
9/21/2019 12:32,R_7VPtutkgNl5IteE,2,5, ,8,30,2,1,80202,802,125000,85,75, , ,75,1,1,Denver County,Outside California,2,1,3,10,20,1,0,10,20,1,0
9/13/2019 14:18,R_80HmmXY9tr62kD8,2,2, ,3,29,1,1,60201,602,200000,110,75, , ,85,3,1,Cook County,Outside California,2,1,3,30,40,1,1,30,40,1,1
7/26/2019 11:59,R_84O91N9kahWaoT1,3,6, ,3,44,3,1,Outside US,Out,200000,400,275, , ,275,4,2, ,Outside California,2,2, ,20,30,1,0,20,30,1,0
6/15/2019 11:11,R_855Ysm66ZclDfA2,3, , ,8, , ,1,Outside US,Out, , , ,5,110,45,4,2, ,Outside California,1,2, ,20,30,1,0,20,30,1,0
6/19/2019 14:09,R_8caILjF0UDXHKKN,3,2, ,3,55,4,2,81147,811,125000,325,200, , ,150,4,2,Archuleta County,Outside California,2,2, ,20,10,0,1,20,10,0,1
6/19/2019 12:20,R_8FEDV4vsZALvYeb,2,2,12,10,73,6,2,93546,935,95000,45,75, , ,0,2,1,Inyo County,Southern California,2,1,2,10,20,1,1,10,20,1,1
6/13/2019 14:47,R_8KGC4gXLRuLkrXt,1,3,3,3,62,5,2,80012,800,125000, ,85, , ,170,1,1,Arapahoe County,Outside California,2,1,3,40,50,1,0,40,30,0,1
9/29/2019 12:45,R_8meyArkVeI1Bjdm,2,17,2,14,51,4,1,93657,936,200000,95,95, , ,95,3,1,Fresno County,Northern California,2,1,3,30,40,1,1,30,20,0,0
7/12/2019 12:15,R_8PBa0Y2GJ5EqaYG,3,1,3,9,53,4,2,93950,939,55000, , ,0,15,0,4,2,Monterey County,Monterey Bay,1,1,1,30,20,0,0,30,20,0,0
6/20/2019 14:40,R_9CAzxtUcq08yMy7,2,2,1,4,41,3, ,2474,24,200000, ,110, , ,65,1,1,Middlesex County,Outside California,2,1,3,10,20,1,1,10,20,1,1
7/21/2019 15:19,R_9I32tZBei3huXnT,2,3, ,4, , ,2,Outside US,Out,200000,400,110, , ,150,1,1, ,Outside California,2,1,3,20,10,0,0,20,10,0,0
7/7/2019 13:48,R_9S3X4cOFmQVzAHU,3,3,1,9,52,4,1,3820,38,200000, , ,230,275,15,4,2,Strafford County,Outside California,1,1,1,20,30,1,0,20,30,1,0
6/17/2019 12:42,R_9VbTwYX0pM2yVvS,1,5, ,2,19,1,1, , ,125000,400,275, , ,275,1,1, , ,2,1,3,10,20,1,0,10,20,1,0
8/7/2019 11:24,R_ah20jUMa4ZeoirI,1,6, ,3,49,3,1, , ,200000,325,275, , ,275,1,1, , ,2,1,3,20,30,1,1,20,30,1,1
7/29/2019 10:37,R_aIiSZE4Jg52MBuP,2,6, ,3,63,5,2,92240,922,75000,325,230, , ,170,2,1,Riverside County,Southern California,2,1,3,30,40,1,0,30,40,1,0
7/25/2019 10:53,R_aIYwjOwtqMjYhmt,1,7,1,6,64,5, ,1955,195,125000,400,230, , ,200,3,1, , ,2,1,3,10,20,1,1,10,20,1,1
6/25/2019 13:32,R_am3SNlFK3Ddx2Sq,1,40, ,16,38,2,2,Outside US,Out,85000, , ,275,275,275,1,1, ,Outside California,1,1,3,30,40,1,1,30,40,1,1
9/21/2019 12:35,R_aPXk4dfjdjhtsqS,1,24,5,3,23,1,2,93933,939,7000, , ,170,5,5,1,1,Monterey County,Monterey Bay,1,1,3,20,10,0,0,20,10,0,1
9/4/2019 18:18,R_aXjh81Fnmxx5C7d,2,6, ,7,44,3,1,95063,950,200000, ,150, , ,55,3,1,Santa Cruz County,Monterey Bay,2,1,3,40,50,1,1,40,50,1,1
6/17/2019 12:48,R_bFUSsnBkylLs7g9,1,2, ,14,27,1,1,60563,605,7000,110,65, , ,200,1,1,DuPage County,Outside California,2,1,3,20,30,1,1,20,30,1,1
7/1/2019 11:30,R_bhPwkFpBW4SWSc9,1,4, ,3,65,5,1,94016,940,200000,230,230, , ,275,1,1, ,West SF Bay,2,1,3,20,30,1,1,20,30,1,1
6/26/2019 15:36,R_bjQdGswI6xWlLVW,1,2,3,13,60,5,1,95658,956,95000, ,55, , ,170,3,1,Placer County,Northern California,2,1,3,40,50,1,0,40,30,0,0
6/14/2019 11:55,R_bjuqIEEahsVeYU8,2,3, ,3,49,3,1,93101,931,200000,400,170, , ,200,1,1,Santa Barbara County,Southern California,2,1,3,20,30,1,1,20,30,1,1
6/27/2019 14:08,R_bXJJ8OSBDVylZ5D,3,5, ,3,32,2,1,93940,939,95000, , ,75,15,15,4,2,Monterey County,Monterey Bay,1,1,1,10,20,1,1,10,20,1,1
7/15/2019 12:22,R_bZIoHMNfCstNi4T,1,4, ,3,54,4,1,46001,460,200000,95,150, , ,110,1,1,Delaware County,Outside California,2,1,3,40,50,1,0,40,50,1,0
8/25/2019 13:00,R_c9EP3TAbVdFYnu4,2,2,11,3,27,1,2,53110,531,200000,230,45, , , ,3,1,Milwaukee County,Outside California,2,1,3,20,10,0,1,20,30,1,0
9/4/2019 17:43,R_cd7g3mS0ESHTbCJ,2,5, ,7,40,3,1,Outside US,Out,125000,130,85, , ,45,3,1, ,Outside California,2,1,3,30,40,1,1,30,40,1,1
7/22/2019 11:24,R_cocilfXKimQpQGW,1,3, ,3,49,3,2,92211,922,200000,170,65, , ,275,1,1,Riverside County,Southern California,2,1,3,10,20,1,1,10,20,1,1
6/29/2019 13:04,R_dBkSgnenHAaAH9P,1,2, ,7,64,5,1,93744,837,85000,55,45, , ,25,1,1, ,Northern California,2,1,3,10,20,1,1,10,20,1,0
7/26/2019 12:27,R_dhTLPwlUX3Q4ieu,1,4, ,3,63,5,1,43123,431,125000,325,150, , ,200,1,1,Franklin County,Outside California,2,1,3,40,30,0,1,40,30,0,1
6/14/2019 13:23,R_dOj0qd49t7odclP,2,5, ,3,50,4,1,92507,925,200000,325,200, , ,200,1,1,Riverside County,Southern California,2,1,3,40,50,1,0,40,50,1,0
7/19/2019 12:25,R_dQAroTUhkkjFcyD,3,2, ,14,29,1,2,90034,900,35000, , ,45,15,15,4,2,Los Angeles County,Southern California,1,2, ,10,20,1,0,10,20,1,0
7/12/2019 11:30,R_ds3fOhOGtQQqITj,1,5, ,3,43,3,2,92211,922,125000,325,275, , ,275,1,1,Riverside County,Southern California,2,1,3,30,40,1,0,30,40,1,1
9/15/2019 11:45,R_dX7MB2Gsa1TQieH,2,2, ,3,38,2,1,76048,760,200000,5,5, , ,55,3,1,Hood County,Outside California,2,1,3,10,20,1,1,10,20,1,0
8/25/2019 12:46,R_dXYFfC0eGCAtaoX,3,2, ,2,66,5,1, , , ,5,55, , ,5,4,2, , ,2,2, ,10,20,1,0,10,20,1,0
7/12/2019 11:35,R_dZGTftMJflZPenL,3,5,1,8,22,1,1,413,413,7000, , ,5,5,5,4,2, ,Outside California,1,2, ,20,10,0,0,20,10,0,0
6/21/2019 13:46,R_e5QsgLbeVWmmTTA,3, , ,7,27,1,2,92617,926,15000, , ,45,5,5,4,2,Orange County,Southern California,1,2, ,20,10,0,1,20,10,0,1
7/21/2019 11:44,R_ecQ52pYZsoPvHpA,3,1, ,8,37,2,2,Outside US,Out,125000,325,55, , ,85,4,2, ,Outside California,2,1,2,10,20,1,1,10,20,1,1
7/16/2019 11:16,R_eetm3BHI6zXK6v7,1,4, ,3,52,4,2,89108,891,200000,275,275, , ,275,1,1,Clark County,Outside California,2,1,3,40,50,1,0,40,50,1,0
9/4/2019 18:01,R_efkk3nKoPjDCsNd,2,2,2,7,29,1,2,93104,931,85000,75,35, , ,25,3,1, ,Southern California,2,1,3,30,20,0,1,30,40,1,0
6/21/2019 14:31,R_eRWkKJwVofycV8r,3,4, ,3,70,6,1,53713,537,125000, , ,200,0,0,4,2,Dane County,Outside California,1,2, ,10,20,1,1,10,20,1,1
8/31/2019 11:24,R_exyRTlRNDT9gOX0,2,2, ,3,59,4,2,98004,980,200000,325,95, , ,45,1,1,King County,Outside California,2,1,3,10,20,1,1,10,20,1,0
7/2/2019 10:55,R_fcCtr4WiudikvuA,1,3, ,3,41,3,2,80027,800,200000,230,110, , ,150,1,1,Boulder County,Outside California,2,1,3,20,30,1,1,20,30,1,1
10/12/2019 12:36,R_ftDaSyvDHTxQFkQ,1,6,2,8,43,3,2,94131,941,200000,400,275, , ,200,1,1,San Francisco County,West SF Bay,2,1,3,30,40,1,1,30,40,1,1
7/8/2019 12:52,R_fU91ZG8k4RFcr6J,1,2, ,6,33,2,1,90202,902,200000, ,150, , ,95,1,1,Los Angeles County,Southern California,2,1,3,10,20,1,1,10,20,1,1
6/19/2019 11:41,R_g38ZaBEAsD1Q7Gg,1,4, ,4, , ,1,85755,857,95000,200,110, , ,130,1,1,Pima County,Outside California,2,1,3,40,50,1,0,40,30,0,1
8/4/2019 15:25,R_g3Y7VMgGWe3u448,3,1, ,18, , ,2, , , ,25,25, , ,25,4,2, , ,2,1,2,20,10,0,0,20,10,0,0
6/17/2019 12:34,R_gd0Pgkb3TYX6VBz,1,2, ,3, , , , , , ,400,110, , ,275,1,1, , ,2,1,3,20,30,1,1,20,30,1,0
7/28/2019 13:06,R_ghiQr6jZgc2nFqt,2,1,1,7,35,2,1, , ,95000,85,55, , ,55,3,1, , ,2,1,3,20,10,0,0,20,10,0,0
10/6/2019 14:04,R_gY0bvDSLs1NJIqI,2,15,1,3, , ,2, , , ,110,5, , ,45,2,1, , ,2,1,3,30,40,1,0,30,20,0,1
9/4/2019 19:50,R_h0eGDVMfWOTltpR,2,2, , ,53,4,2,Outside US,Out,200000,110,55, , ,45,3,1, ,Outside California,2,1,3,30,40,1,0,30,20,0,0
7/31/2019 11:20,R_h60nGDRESB9oCUK,1,6, ,7,49,3,1,93101,931,85000,275,275, , ,230,1,1,Santa Barbara County,Southern California,2,1,3,30,40,1,1,30,40,1,1
7/15/2019 12:27,R_h6gQMnAhTUSvHEP,1,6, ,9,39,2,1,94611,946,200000,400,0, , ,275,1,1,Alameda County,East SF Bay,2,1,3,10,20,1,0,10,5,0,1
8/11/2019 13:53,R_haDh8Mcb6pasRFJ,3,2,1,4,61,5,2,95139,951, , ,45, , ,5,4,2,Santa Clara County,East SF Bay,2,2, ,10,5,0,1,10,20,1,0
8/11/2019 12:57,R_hDKuL4BW6lGNq2R,3, , ,7,44,3,1,75063,750,125000,150,25, , ,65,4,2,Dallas County,Outside California,2,2, ,20,30,1,0,20,30,1,0
8/7/2019 11:57,R_hdRqRMddXv6jzoF,1,2, ,2,54,4,1,92211,922,125000,275,130, , ,170,1,1,Riverside County,Southern California,2,1,3,30,40,1,0,30,40,1,0
6/15/2019 12:28,R_hfi082HyncDEdSD,3,1, ,9,35,2,2,21211,212,75000, ,95, , ,25,4,2,Baltimore city,Outside California,2,2, ,20,10,0,1,20,30,1,0
7/29/2019 11:22,R_hhGbwktyQwYxXqD,1,6,1,2,68,5,1,20003,200,125000,275,200, , ,275,1,1,District of Columbia,Outside California,2,1,3,10,20,1,1,10,20,1,1
6/4/2019 11:20,R_hKmflBhvuNNd8dO,2,2,12,12, , ,2,California,Cal, , ,0, , ,0,3,1,Ventura County,Southern California,2,1,2,10,5,0,1,10,20,1,0
7/5/2019 13:49,R_htfSLuYz3XVwZK4,1,2,1,17,37,2,2,95811,958,65000,55,55, , ,45,3,1,Sacramento County,Northern California,2, , ,20,30,1,1,20,30,1,1
7/19/2019 13:49,R_huqSaPVg5wEHlWX,3,2, ,14,37,2,1,53221,532,125000,200,65, , ,45,4,2,Milwaukee County,Outside California,2,1,1,40,30,0,0,40,30,0,0
6/17/2019 12:48,R_i4mA3vfhrAWGDCe,1,2, ,14,27,1,2,60453,604,65000,130,55, , ,150,1,1,Cook County,Outside California,2,1,3,40,50,1,1,40,50,1,1
9/22/2019 12:24,R_iDJNmNj51HR2Jvz,1,4, ,8, , ,2,72701,727, , ,95, , ,5,1,1,Washington County,Outside California,2,1,3,30,40,1,0,30,40,1,0
7/21/2019 16:17,R_ihBIR6d0hXAkMLG,2,4, ,4, , ,2, , ,125000,230,55, , ,45,1,1, , ,2,1,3, , , , ,40,30,0,0
5/28/2019 12:06,R_ihosp497DaeQOJY,2,4,1,12,42,3,2,Outside US,Out,125000,75,45, , ,110,3,1, ,Outside California,2,1,3,10,20,1,0,10,20,1,1
7/12/2019 11:29,R_ijMKtbGXzhjGU6M,1,2, ,3,29,1,1,92399,923,75000, ,45, , ,110,1,1,Riverside County,Southern California,2,1,3,20,30,1,1,20,30,1,1
10/5/2019 12:24,R_iNCb9VrxRYXnH6G,1,4, ,3,47,3,1,95616,956,200000,275,200, , ,230,1,1,Solano County,East SF Bay,2,1,3,30,20,0,1,30,20,0,1
7/2/2019 11:57,R_iPF44ome25omgbO,1,4, ,3,41,3,1,93003,930,125000,130,110, , ,275,1,1,Ventura County,Southern California,2,1,3,20,10,0,0,20,10,0,0
8/8/2019 13:40,R_iUThCSKY9gDjInT,3,2, ,7, , ,1,93933,939,65000,35,25, , ,25,4,2,Monterey County,Monterey Bay,2,2, ,10,20,1,1,10,20,1,1
8/5/2019 12:37,R_j7EjIqckHXJ3zT2,1,3, ,3,29,1,2,78232,782,75000,200,230, , ,230,1,1,Bexar County,Outside California,2,1,3,30,40,1,0,30,40,1,0
8/3/2019 10:58,R_jAOQY6jndnMt2sz,1,5, ,3,44,3,1,Outside US,Out,200000,325,275, , ,275,1,1, ,Outside California,2,1,3,30,40,1,1,30,40,1,1
7/29/2019 10:37,R_jGbWBVu7QXTrLZM,2,6, ,3,63,5,2,92240,922,75000,325,230, , ,170,2,1,Riverside County,Southern California,2,1,3,30,40,1,0,30,40,1,0
7/26/2019 14:36,R_jiwUX6NZhBEgIdm,2,5, ,4,56,4,1,92911,929,65000,95,95, , ,95,2,1, , ,2,1,3,20,30,1,0,20,30,1,0
9/4/2019 20:17,R_jNBspikgeCbQphV,2,3, ,7,57,4,2,Outside US,Out,125000,130,45, , ,35,3,1, ,Outside California,2,1,3,40,50,1,1,40,50,1,1
9/7/2019 12:48,R_joQ174hwZw2BixJ,1,3, ,6,71,6,1,93728,937,125000,200,200, , ,55,1,1,Fresno County,Northern California,2,1,3,10,20,1,1,10,20,1,0
7/11/2019 15:57,R_k2Dore3hdaw83CH,2,2, ,9,18,1,1,94070,940, ,110,55, , ,230,2,1,San Mateo County,West SF Bay,2,1,3,30,40,1,0,30,40,1,1
7/21/2019 12:35,R_k2FXEHyZ4sPmyeo,3,2, ,8,41,3,1, , ,125000,275,55, , ,45,4,2, , ,2,1,2,20,30,1,0,20,30,1,0
10/12/2019 12:23,R_kgeAmhKOEzXnIB0,1,2, ,3,57,4,2,95436,954,75000,95,55, , ,45,1,1,Sonoma County,West SF Bay,2,1,3,30,20,0,0,30,20,0,0
6/26/2019 14:31,R_kgxr4f5QJd7suq7,3,2,11,2,76,6,1,94952,949,75000, , ,110,5,5,4,2,Marin County,West SF Bay,1,1,1,20,30,1,0,20,10,0,0
9/4/2019 20:04,R_kNmPWHLc39K0Hti,2,3, ,9,42,3,1,Outside US,Out,125000,85,45, , ,55,3,1, ,Outside California,2,1,3,20,30,1,1,20,30,1,0
6/9/2019 8:28,R_kOw0JjJpudYiFj4,3,2,0,5,76,6,2,Outside US,Out, ,150,35, , ,275,4,2, ,Outside California,2,2, ,30,40,1,0,30,40,1,0
9/8/2019 11:40,R_kQgSwesnEfRHNlV,3,2, ,3,54,4,2,94508,945,125000,130,95, , ,200,4,2,Napa County,East SF Bay,2,1,3,40,50,1,0,40,50,1,0
8/3/2019 10:56,R_kQnheIlhdWiiton,1,6, ,3,53,4,1,75019,750,200000,325,275, , ,275,1,1,Dallas County,Outside California,2,1,3,40,30,0,1,40,30,0,1
8/25/2019 12:54,R_kUl042yzrxTGkZ2,2,2, ,3,50,4,2,78681,786,200000,200,75, , ,35,1,1,Williamson County,Outside California,2,1,3,40,50,1,0,40,30,0,0
7/28/2019 13:54,R_kW73qIFxzoks0XE,2,2, ,2,47,3,2,13027,130,25000, ,5, , ,5,2,1,Cayuga County,Outside California,2,1,1,30,20,0,0, , , , 
6/1/2019 13:02,R_kWABhXcoOX04nc9,2,2, ,3,31,2,1,93611,936,200000,200,275, , ,200,2,1,Fresno County,Northern California,2,1,3,10,20,1,1,10,20,1,1
7/5/2019 12:32,R_kyONRq2loxgDgmU,3, , ,3,38,2,1,93551,935,45000, , ,55,55,45,4,2,Los Angeles County,Southern California,1,2, ,40,30,0,0,40,30,0,0
6/11/2019 11:11,R_l6R8jGf3iTyHIOP,1,5,1,3,73,6,2,92506,925,200000,150,110, , ,200,2,1,Riverside County,Southern California,2,1,3,10,20,1,1,10,20,1,1
6/12/2019 11:34,R_lkCuFxOOqrQ9Hs8,2,2, ,6,23,1,2,80021,800,125000, ,85, , ,95,1,1,Boulder County,Outside California,2,1,3,40,50,1,0,40,50,1,0
6/18/2019 10:56,R_lVPuMBnfoCNW5Ie,3,2, ,3, , ,1,94107,941,125000, , ,45,110, ,4,2,San Francisco County,West SF Bay,1,2, ,30,20,0,0,30,20,0,1
8/23/2019 15:17,R_lZUlOOf3eTqe5wn,2,1, ,3,22,1,2,Outside US,Out,15000, ,25, , ,15,3,1, ,Outside California,2,1,3,40,50,1,0,40,30,0,1
6/22/2019 10:54,R_mbsob7xHypRi6Yg,1,2, ,3,65,5,2,86001,860,200000,130,35, , ,200,1,1,Coconino County,Outside California,2,1,3,20,30,1,0,20,30,1,0
8/30/2019 11:48,R_mccShD4y6D8HUOB,2,2, ,7,26,1,1,68506,685,45000,85,55, , ,35,3,1,Lancaster County,Outside California,2,1,3,30,20,0,1,30,20,0,1
6/30/2019 15:09,R_mkK5PSHJ7YUB9lO,3,2,1,3,38,2,2,94040,940,200000,275,5, , ,5,4,2,Santa Clara County,East SF Bay,2,2, ,40,30,0,0,40,30,0,0
9/4/2019 21:22,R_mLeAydz1udxyup1,2,2,2,9,31,2,2,94208,942,125000,85,35, , ,5,3,1, ,Northern California,2,1,3,30,40,1,1,30,20,0,0
6/20/2019 14:53,R_n2898qm8e0wWvcw,2,6, ,9,42,3, ,19403,194,200000,150,45, , ,275,1,1,Montgomery County,Outside California,2,1,3,30,40,1,1,30,40,1,1
9/4/2019 21:02,R_nqGNlQXQySmTBTg,2,3, ,7,33,2,1,89107,891,125000,130,35, , ,110,3,1,Clark County,Outside California,2,1,2,10,20,1,1,10,20,1,1
6/10/2019 12:53,R_nZ2YgLYmD58XKuM,1,1, ,3,33,2,1,Outside US,Out,85000,150,5, , ,200,1,1, ,Outside California,2,1,3,10,20,1,1,10,20,1,1
8/11/2019 14:03,R_o3FXpMoylzbk1RU,3,3, ,3,60,5,2,12054,120, ,325,110, , ,110,4,2,Albany County,Outside California,2,2, ,10,20,1,0,10,20,1,0
7/25/2019 10:56,R_oeD6PnSgNMklBz8,1,7, ,6,25,1,1,84604,846,25000,400,200, , ,275,1,1,Utah County,Outside California,2,1,3,10,20,1,0,10,20,1,0
7/5/2019 13:08,R_oHXlyC5uG6dpeT4,3,4, ,8,45,3,1,10023,100,200000, , ,55,55,5,4,2,New York County,Outside California,1,2, ,40,50,1,0,40,50,1,0
5/16/2019 14:13,R_pELYaE8f3W6tMBP,1,5,2,3, , ,1,1,1,45000, , ,150,150,200,1,1, , ,1,1,2,40,50,1,1,40,50,1,1
